Россия	1238
Пекин	10
Америка	8
Псамметих	1
Македония	2
Малая Азия	3
Сирия	5
Персия	20
Индия	25
Аравийских	1
Африка	4
Константинополь	44
Северное Царство	1
Гималайский туннель	1
Каспийский туннель	2
Каспий	8
Петербург	853
Московскою	1
Кремль	250
Земля	24
Китай	16
Хун-Гин	1
Нева	133
Васильевским	1
Германцы	2
Пулковая гора	1
Обсерватория	1
Питер	43
Кронштадт	29
Европа	163
Гостиница	1
Голландия	28
Магелланский пролив	1
Мадагаскар	1
Лондон	36
Луна	6
Камчатка	43
Гороховая улица	3
Месяцеслов	1
Санкт-Петербуржских	1
Сенатские	1
Италия	152
Невский	8
Алексашеньку	1
Гостиного	1
Гостиный	1
Кама	1
Ревекке	1
Ниренбержскую	1
Ниренбержские	1
Английский	1
Гороховая	1
Ока	6
Зимогорью	1
Зимогорье	13
Доктор	1
Зимогорья	12
Равнеевых	1
Фрейлин двор	1
Москва	2368
Жуковский	15
Киев	447
Старый Князь	2
Священник село	1
Равнеевою	1
Графини Лелевой	1
Владимир	21
Полтавы	13
Горбыли	4
Полтава	63
Горбылях	11
Псел	1
Горбылей	7
Малая Россия	3
Миргород	16
Никанор	9
Полтаве	3
Малороссии	5
Набожные        Посреди	1
Малороссия	166
Харитона	2
Кирикова	1
Кириковой	1
Раисою	1
Батурин	43
Харитоном  хутор	1
Анурии	1
Пселе	1
Артамон	1
Евлампию	1
Псела	3
Горбылям	2
Запорожье	53
Сечи Запорожская	3
Путники	1
Конону улица	1
Израиль	11
Зубаря	1
Запорожская Сечь	9
Сечь Запорожскую	4
Лук	1
Сечь	10
Турки	4
Влас верхи	1
Минервы	1
Валдай	2
Воздвиженского	10
Тихвин	14
Смоленск	123
Витебск	5
Вильны	2
Смоленска	3
Тихвина	1
Русь	316
Коломенский	9
Белыя Россия	1
Калиш	2
Лесное	2
Литва	83
Новгород	240
Воздвиженским	1
Воздвиженском	5
Киевская	4
Сухаревой башня	4
Никандр перепадали	1
Возвышении	1
Псалтыри	1
Ольгин пруд	4
Араб	1
Евсеевское	4
Бердыш	1
Воздвиженское	22
Евсеевский	2
Новагород	6
Тихвине	3
Спасова	1
Новегород	11
Новегороде	1
Санкт-Петербург	15
Смольный двор	2
Новая Голландия	4
Литейный двор	2
Малая Миллионная	1
Невский проспект	27
Зеленый	1
Аничков	2
Аничков мост	4
Александро-Невский монастырь	1
Фонтанка	26
Петербургская	2
Петропавловский	1
Васильевский остров	10
Эстония	6
Сибирь	145
Петербургская сторона	9
Адмиралтейства	6
Адмиралтейская сторона	2
Евсеевского	2
Белозубов	1
Прут	10
Лефортова дворец	1
Новогородская губерния	1
Царицын сад	1
Александровский дворец	1
Париж	157
Летний сад	14
Неву	3
Эзоповых	1
Федровых	1
Летний дворец	2
Адмиралтейств-коллегий	1
Смольному	1
Троицкий мост	4
Западная Европа	3
Берлин	12
Варшава	102
Мекленбург-Стрелицкая	1
Измайлове	1
Турция	22
Оренбургский край	1
Семилетняя	1
Малый Орел	1
Горбуновых	1
Санкт-Петербурх	1
Рогвих	1
П***	1
Германия	72
Прага	9
Смоленская дорога	10
Дорогомиловская застава	3
Ехалов	1
Красное Село	2
Бостон	1
Анютою	1
Новая Басманная	1
Ехалов мост	1
Красный Селу	1
Лейпциг	28
Вена	25
Мегару	1
Брауншвейг	1
Лихтенштейн	1
Богемия	6
Баден	1
Дармштадт	1
Гриммская улица	3
Алтенбург	1
Неаполь	11
Египет	19
Помпеи	2
Геркулан	1
Скиллы	1
Неймарк	1
Алцеста	1
Южная Европа	1
Гишпаний	1
Дрезден	19
Саксонии	3
Аделине	1
Эльстер	1
Варшавою	1
Мадрит	2
Ахен	1
Проломная застава	4
Лафертовская	5
Пресненские пруды	4
Хамовники	1
Пятницкую	1
Лафертовская часть	2
Введенское кладбище	1
Лудовик XV	1
Пифии	1
Диодор Сицилийский	1
Цицерон	3
Испания	37
Франция	116
Лотарингского	1
Афины	5
Спевзипп	1
Апулей	1
Милета	1
Лариссу	1
Фессалии	1
Мясницкой	4
Север	21
Черная Грязь	11
Борнео	8
Соединенные Штаты	1
Французская республика	1
Английская набережная	5
Аграфена Петровна	1
Микель-Анджело	1
Амур	11
Ломоносов	1
Пушкин	7
Рейн	4
Рим	103
Московская	7
Москва-река	64
Драгомиловский мост	6
Поклонная гора	6
Симонов монастырь	3
Царская площадь	1
Замоскворечье	10
Воробьевы горы	6
Тверской бульвар	5
Тверская	10
Богородское	1
Богородского	1
Карачча	1
Гераклита	1
Средиземное море	6
Рябинин	2
Альбани	1
Тинторет	1
Болонии	1
Швейцария	25
Богородским	1
Крым	39
Капитолией	1
Тарпейской	1
Гольцберг	1
Жоржиньке	1
Петсрбург	1
Лифляндии	105
Царское Село	10
Историко-Географическое	1
Симбирская губерния	4
Северная Пчела	1
Русская Капитолии	1
Арсенал	1
Парижские бульварах	1
Никольские ворота	1
Калуга	19
Воронеж	10
Кострома	9
Белгород	9
Савельевич	1
Успенское	8
Небесная Империя	1
Реутовские пруды	1
Реутов	5
Реутовский сад	1
Алексеевский	2
Страстный монастыри	1
Крымский брод	3
Арбатская	1
Пречистенская	1
Пресненская	1
Русски	3
Варинька	1
Баб	1
Русская Княгиня	1
Панском	1
Провидения	9
Французская Кадриль	1
Успенский	6
Италиянский	1
Двор	3
Французский	2
Лодоиски	1
Вице-Губернатор	1
Губернатор	1
Турецкая война	2
Галути	1
Царское село	1
Гискар	1
Новая Элоиза	2
Персеполис	3
Белоруссия	22
Набойкина	1
Опытах Батюшков	1
Губерния	3
Бердичев	18
Житомир	2
Польские Губернии	1
Лемберг	7
Да-с	1
Австрия	7
Богемию	5
Киевская дорога	2
Филиповною	1
Москвой-рекой	5
Гетьманщин	1
Королевец	7
Украина	168
Умань	1
Умани	1
Путивльская дорога	1
Волынь	5
Польша	424
Эсманью	3
Молдавия	31
Сочава	1
Эсмани	2
Глуховская дорога	1
Путивль	10
Клепала	1
Клевенский	1
В***	1
Клевени	2
Королевецкая дорога	1
Клевень	1
Еще	1
Бряжчали	1
Кветчинский	1
Нестеряковая	1
Золочена	1
Страсбург	1
Просечинкого	1
Звониград	2
Яцинта Порадича	1
Босния	4
Далмации	1
Кавказские воды	3
Кавказ	66
Кисловодск	9
Елисейские  поля	2
Византия	48
Черное море	24
Днепр	257
Черное  море	2
Родимая земля	1
Якутск	1
Соломонов сосуд	1
Белозерский монастырь	1
Висла	7
Тамбовская губерния	1
Тартар	2
Московская губерния	5
Тучков	1
Рига	24
Гродненская губерния	5
Вильно	35
Гершелев	1
Ост-Индию	1
Копенгаген	2
Малинов	29
Надобно	1
Стахей	1
Лиров	2
Астрахань	12
Малинова	10
Тверь	84
Килии	2
Вязьмой	1
Песчаная улица	1
Лиров берег	1
Борисковом	1
Грузино	6
Грузин	1
Евсею	1
Чудове	9
Чудово	5
Петербург  Вот	1
Чудовой	1
Красная площадь	48
Спасская Полесть	3
Вышний Волочке	1
Торжок	6
Городне	3
Жиров	1
Португалия	3
Вышний Волочка	1
Померанья	3
Москвою	27
Помераньи	3
Померанье	2
Лирова	1
Клин	13
Каменная гора	6
Малиновскому толчок	1
Макарийских	1
Любаша	1
Мелаша	2
Жемчуг	1
Невдалеке	1
Клеопатрина  жемчужина	1
Елисейские	3
Добрая Надежда	1
Отчаяние	1
Китайская стена	1
Новый  мост	1
Чукотский нос	1
Московская застава	2
Сенная площадь	1
Галерная гавань	1
Коломны	3
Прядильная улицы	1
Петрополь	2
Петергоф	5
Звездич	1
Сен-Плюше	1
Гремин	1
Аркадий	5
Алонзе	1
Гренада	1
Стрелинский	1
Невский бульвар	3
Фотрингей	1
Барабинская	1
Пальмира	3
Парголов	6
Северная Пальмира	2
Ингерманландии	2
Колокольная улица	1
Мойке	2
N. N.	1
Норд-Кап	1
Аркадиевые	1
Бородинское	2
Ватерлооское	1
Греция	43
Капитолий	5
Кранахов	1
Восток	54
Средние века	1
Зевес	1
Семеля	1
Парфенон	2
Афинах	4
Колизей	9
Понтинской	1
Ве-риньку	1
Вериньки	1
Вериньке	2
Шиллеров	1
Прометей	2
Эллада	3
Ревел	4
Нарвская дорога	1
Сицилия	2
Одесса	11
Террачинские горы	1
Триест	4
Спаситель	2
Волынский	8
Аполлон	7
Санкт-Питером	1
Яссы	16
Остермановы	1
Зимний дворец	7
Бирона	2
Голстинии	1
Англия	41
Кульковский	1
Фенелонов	1
Немиров [Польское местечко	1
Хотин	8
Волынская	15
Тверской	13
Бессарабия	19
Махиавелева	1
Пыщутся гора	1
Зуду	3
Парнасус	1
Волково поле	2
Волковое поле	3
Волковом поле	1
Луговая	4
Меркурия	1
Курляндии	4
Рыбачья слобода	5
Аничкова слобода	2
Кускове	1
Аничковская слобода	1
Французская слобода	1
Финский залив	9
Гостиный двор	19
Новый свет	1
Рыбачьей слободой	1
Рыбачью	1
Рыбачья	1
Лелемико	1
Венеция	43
Демосфены	1
Бокума	1
Керу	1
Березова	1
Сумин-Купшин	1
Щурхов	2
Курляндию	3
Волынская отворил	1
Немиров	1
Российская империя	3
Волынской	1
Парис	1
Горденко зарытый	1
Артемий Петрович	1
Яссах	9
Генвар	1
Елисейские поля	4
Невская набережная	2
Выборгская сторона	9
Туречин	1
Мариулку	1
Щурхова	3
Ныне Мариорица	1
Мемнонова	2
Юпитер	16
Апраксин	2
Петропавловская крепость	2
Итаке	1
Парнас	3
Магометов	1
Азия	29
Бирон	2
Махиавел	1
Исакий Далматского	1
Полтавою	2
Самсон-странноприимец	1
Теплое море	6
Шумящий Днепр	2
Княжеском	5
Княжеским терем	1
Днепровскими	2
Киевский Великий Князь	2
Болгарские	1
Русское море	7
Болгар	1
Белая	4
Вар-Хазаном	1
Кривичей	1
Сары-Кале	1
Тор	2
Бошнякской	1
Хазарские Жиды	1
Волга	71
Светослав	4
Азов	7
Торажское озеро	1
Дон	22
Дунай	28
Имо	1
Преслав	1
Мегалополь	1
Марцианополь	1
Тырновские	1
Киевский Князь	1
Греки	3
Спатарь	1
Царьград	19
Белое море	6
Светослава	2
Торнео	23
Белый свет	1
Атлантида	1
Халдейскую	1
Красное море	1
Днепровские	3
Мекка	9
Аравия	4
Лысая гора	10
Мразный	1
Венедицкого	1
Княжеский	9
Княжеские леса	1
Почайны	19
Глубочице	1
Черто-рыя	1
Золоча	1
Витичев холм	1
Займища	3
Дроттара-Скиольда	1
Поляны	1
Витичевой холм	1
Скиолъдовая	1
Скиольдов	1
Берестовец	1
Княжеские луга	3
Лыбедь	11
Щулявщина	1
Добрынино	1
Княжеское Перевесище	1
Лыбеди	9
Глубочицу	1
Яворовая роща	1
Олегова	3
Скифы	2
Булгария	8
Великий Княжеский город	1
Бошняки	1
Днепровская столица	1
Деревская земля	1
Танаис	2
Азахейм	1
Гардарикию	2
Фионию	1
Гильфу	1
Фионии	1
Азских	1
Бримир	1
Уральских	3
Плогс-Ландия	1
Волхов	33
Готты	1
Урманское море	1
Христианская религия	1
Финны	1
Валхов	2
Двина	6
Маозе	1
Княжеские	6
Греческие	6
Волос	2
Новгородский	6
Финнами	1
Вече	5
Новгородские	8
Вечу	2
Волосовым	1
Блотадами	1
Бог-Свет	1
Посадники	1
Тысяцкие	1
Днепровских	2
Днепровском	2
Чертовым бережищем	1
Чертова бережища	1
Киевский	20
Княжескую	1
Днепровский берег	1
Смоленских	1
Половецкой	1
Киевских	2
Мокош	1
Царьград девица	1
Боярских	2
Вещий	1
Днепре	2
Болгария	1
Княжеского	2
Доростол	1
Деревских	1
Полтеск	2
Новгородская	12
Свенелед	1
Икмар	1
Ольгою	1
Ярополка	1
Княжеской	1
Показ Князь	1
Хазарки	1
Аланки	1
Ясыни	1
Грекини	1
Болгарыни	1
Египетские Гази	1
Дамасская ткань	1
Румынские	1
Хорицы	1
Днепровский	16
Днепровский Омут	1
Князево	1
Послов	1
Волосовом	1
Новгородцы	4
Лопати	1
Чудь белоглазую	1
Плесков	3
Великий Новгород	21
Великий Князь Киевский	1
Скандинавия	7
Ярополку	1
Рогволед	1
Чуди	3
Сокол	3
Варяги	1
Волхов Неве	1
Упсалу	3
Фэрейские {Фаррерские острова	1
Тула	16
Свей	2
Норманнская архитектура	1
Доврефьельд	1
Упландии	1
Рейсландии	1
Зунд	2
Упсалы	2
Свитиод	1
Блотады	2
Упсале	4
Биор-залу	1
Нориге	1
Ида	1
Азгард	1
Свейской	1
Русская земля	12
Греческое море	1
Новгородский торг	1
Измир	2
Упсалы!..	1
Бельт Свейское море	1
Свейское море	1
Свионии	1
Бельт	8
Финингскую	1
Нево	4
Норманнский	1
Ладогу-озеро	1
Ладога	3
Ярополк	1
Посадники Киевские	1
Вечем	1
Ладогой	1
Мальфрида	1
Свеарикэ	1
Гардарикэ	1
Холмотрада	1
Красное Солнце Владимир	1
Придонское Государство	1
Полуночном Царстве	1
Придонском Царстве	1
Колечище	1
Гетманский стан	1
Царский стан	1
Проточном	1
Восточные	1
Мавританские	1
Полночного	1
Придонская земля	1
Проточное	1
Проточное море	1
Царь-Царевич	8
Эфиопскую	1
Гетманское раздолье	1
Витязи	1
Гетманский	1
Придонское Царство	1
Лея-Царевна	1
Царство Азское	1
Дор	1
Азский	1
Царство Русское	1
Русское Царство	1
Киев-град	2
Городище	5
Ордынской	1
Посол	1
Изобку	1
Орловская губерния	5
Нижегородская	2
Новеград	1
Новугород	1
Варяг	1
Возрадовался Новгород	1
Ярополков	1
Киевские	8
Ноугородчах	1
Обет	1
Яро-полковой	1
Урменской	1
Хутыни	2
Хутынская слобода	1
Немецкое озеро	1
Киевскими	2
Витязь	1
Даждьбог	1
Стрибог	1
Князь	6
Гриднице	1
Приволховью	1
Княжеский двор	1
Восточные земли	2
Перекопа	1
Туле	6
Торг	1
Большой Тор	1
Святые	1
Дон-реку	1
Тернавка	1
Самара	2
Обеты	1
Светославич	4
Светославича	3
Дунайские	1
Вертах	1
Маем	1
Зиавар	1
Уряд	2
Взвилась	1
Вояны	1
Святая Перунова	1
Дана-Пирун	1
Торову	1
Волошские	1
Вьется Дунай	1
Паннонии	1
Паннония	2
Саки Азы	1
Дунайские берега	1
Дунайская долина	1
Балкана	1
Радо	1
Омут	1
Вояна	1
Весь Новгород	1
Господский	1
Торговище	1
Варяжского Подворья	1
Лаврентьевской	1
Ипатьевской	2
Замке	1
Полоцк	7
Властям Великокняжеская	1
Ефиопскими девками	1
Красный двор	1
Овруч	2
Искоростень	1
Радомысел	1
Дорожичем	1
Капичем	1
Жедане	1
Белый	3
Капич	1
Запад	22
Русское	6
Башкой	1
Князь Киевский Ярополк	1
Гридни	1
Капиче	1
Божницы	1
Ровню	4
Ровне	2
Киевляне	1
Ровно	2
Овний рог	1
Варягам	1
Торберга	1
Ровни	2
Князь Киевский	1
Великокняжения Киевский Царь-Царевич	1
Ордынские	1
Рокгилед	1
Гридницу	1
Бояре	1
Германс-Клов	1
Дмитревском	1
Дмитревский	1
Урманский сад	1
Князь Володимир	1
Чертова холма	1
Торжище	1
Красный	21
Красный дворец	2
Красный терем	1
Гридней	1
Щитников	1
Русский	6
Антверпен	1
Ораниенбаум	3
Геттингенский	1
Св. Елена	1
Чичаговой дача	1
Клопштока	1
Адельгейде	1
Альпах	1
Златой	1
Антиоха	4
Шреккенфельд	1
Антиохе	1
Ком	1
Королевство	2
Жиды	4
Сатурн	2
Аравийские пустыни	1
Эконом Суботинский село	1
Шляхта	1
Суботово	3
Египетский рабству	1
Суботова	2
Лейбы	1
Польские	6
Кумеикями	1
Ляхи	2
Чигирин	6
Старице	1
Канев	2
Кудаке	1
Коронном Гетман	1
Вашей Мосьци	1
Евреи	1
Неман	3
Поляки Малороссия	1
Короли	2
Татар	18
Молдаване	6
Господарь	1
Ясс	2
Козаки	2
Украйну	1
Чигирица	1
Юг	9
Украинские	1
Польская Шляхте	1
Малороссийский старшинам	1
Паньское село	1
Буцаю	1
Суббтово	1
Субошов	1
Хмельницкий	18
Чаплицкий	1
Костел	1
Виговского	1
Суботино	1
Радана	2
Украинцы	2
Малороссиянами	1
Поляками	4
Вакх	1
Цереры	1
Дум	1
Янка	1
Вавилонских	1
Государство	3
Чигирин Старостою	1
Воевода Киевский	1
Королевством	1
Малороссиян	1
Запорожская сечь	1
Вышнего	7
Стикс	1
Черный лес	1
Панский двор	2
Фортуна	1
Леты	4
Малороссияне	1
Поляки	10
Старосту	1
Жид	1
Лиман Днепр	1
Лях	1
Европейские народы	1
Римлянами	1
Гренландия	1
Державы	2
Русские	7
Татарами	1
Турками	3
Донец	1
Запорожцы	3
Писании	7
Царями	1
Московский Царь	1
Русских	1
Зиновий	1
Русские границы	1
Ржечи Посполитой	1
Никитин рог	1
Татары	6
Желтые воды	1
Курсунь	1
Кудак	2
Черкасс	1
Малороссийских	1
Белая Церковь	5
Розанды беседка	1
Польский	11
Васильковская застава	1
Пану Казацкий	1
Малороссийское	3
Турецкий двор	1
Молдавския владения	1
Польский стан	1
Польским	1
Отоманская Порты	1
Вишневецкий	1
Каменец Подольск	2
Лагофет	1
Лагофета	1
Польское	3
Арабский	2
Ваковский	1
Чигорин	1
Каменец-Подольск	3
Суботов	1
Субботово	2
Сутчава	1
Русский двор	1
Запорожского	2
Дербент	79
Мугана	1
Край море	1
Лезгистана	1
Нарын-Кале	3
Дагестан	25
Хвалынское море	3
Медина	1
Дербент-наме	1
Юпитера	1
Гаджи-Фетхали-Исмаил-оглы	1
Кербела	2
Дагестаном	1
Куба	8
Кази-мулла	1
Искендер	2
Геркулес персидский	1
Нарын	1
Каспийское море	8
Каби-ристан	1
Персию	5
Адже-Ханум	1
Солнце	8
Грузия	10
Гаджи-Юсуф	3
Шах-даге	1
Кубинская	1
Даш-кесен	1
Кейфар-скую гора	1
Шам	2
Дамаском	1
Самбур	2
Эль-сырат	1
Стамбул	12
Зеафурах	1
Кази-кумык	1
Шах-даг	3
Гаджи-Юсуфа	2
Мулла-Нур	9
Кубинская долина	1
Закавказье	1
Тенгинский ущелье	1
Армянская слободка	1
Мулла-Нуром тропинка	1
Шаг-даг	1
Самбуру	1
Гюльгери	1
Кара-Кайтах	1
Кюринского	1
Кази-Кумык	1
Алты-пар	1
Докус-пара	1
Ахти	1
Сиргили	1
Акуши	1
Табасарани	1
Кой-су	1
Султанов Ели-су	1
Джарскими	1
Глуходаров	1
Шекинская	1
Шамахинская область	1
Карабахских	1
Юсуф	1
Шах-дага	1
Искендер-бек	1
Табасаранских	1
Дербентский	1
Тебриз	4
Медины	1
Куфу	1
Обейд-Аллахом	1
Езид	2
Иран	3
Шамахи	1
Баку	2
Новый Свет	1
Зинзилях	1
Бак	2
Кичкене	1
Гусейне	1
Искендер-бек круг	1
Кази-муллою	1
Ноевой	1
Бах-тиару	1
Тенгинский	1
Рустамская долина	1
Шекинская область	1
Шамаху	3
Тенгинское	1
Мулла-Нуром	1
Кунакенты купцы	1
Тенга	1
Рустах	1
Шамах	2
Мир-Гаджи-Фетхали	1
Тен-гинский	1
Нил	2
Тенгинское ущелье	1
Тенге	1
Лавальер	1
Небо	14
Грозный	5
Благовещения	5
Псков	23
Казань	31
Разлилась	1
Белая гора	3
Эльба	7
Липецк	12
Сполетты	1
Нашедший	1
Падуи	2
Аугсбург	3
Падуе	2
Милан	4
Падуу	2
Московия	33
Московию	1
Колумбия	1
Неглинном пруд	1
Боровицкие воротам	2
Роберт-Дьявол	1
Неглинный пруд	4
Спас	7
Никольские воротам	1
Ярославское	1
Красное	14
Псковская губернии	1
Ростов	13
Углич	41
Рязань	21
Ордынское	1
Курицына	1
Ярославль	29
Менгли-Гирей	2
Верею	3
Ярославец	2
Николы-льняного	2
Константино-Еленовская улицы	1
Чигасах	1
Яузою	3
Великая улица	8
Воробьев	1
Константино-Еленовская улица	4
Тайнинские ворота	1
Образец	1
Хабаром-Симским	1
Индусах	2
Успенье	2
Индейское	1
Черное	2
Стамбульская	1
Ганг	3
Адриатика	1
Калязин	1
Нижнем-Новгород	1
Тверское	2
Гурмузе	1
Индустанская земля	1
Дербентское	1
Цареград	5
Иерусалим	34
Ченто	1
Болонь	1
Дорогомилово	1
Тверская губерния	3
Чертолиным	1
Пречистенка	2
Занеглинье	1
Кучков вал	1
Москву-реку	3
Алгамра	1
Пречистой	3
Флоровские ворот	2
Флор	2
Занеглинную	1
Хабаром	1
Ордою	1
Вологда	7
Каргополь	1
Ахмат	3
Золотая Орда	2
Бержецкий	1
Успения	2
Яуза	12
Ненасыть	1
Гусса	1
Руси	4
Холмский	24
Тверского	1
Холмского	1
Белоозеро	1
СЕДЬМАЯ	2
Римская империя	3
Корфу	1
Дураццо	1
Византийская империя	2
Мамон	2
Кучково поле	5
Антонов	1
Угорская земля	1
Березовский	1
Тобольская губерния	1
Ниремберг	1
Воронцово	1
Кучково	1
Даниловский монастырь	1
Кучковом поле	1
Чистые пруды	2
Неглинная речка	1
Андрюша	1
Эренштейны	1
Тверью	6
Мордву	1
Хабар	3
Спаса златоверхого	1
Чашниковым	1
Воробьево	1
Коломенское	24
Остров	1
Воронцово поле	1
София	68
Вознесенский монастырь	3
Кольцове	1
Оссиана леса	1
Тьмаку	1
Тьмака	1
Оспожино	1
Исполать тверской	1
Жолтиков монастырь	1
Тьмак	1
Волгу	3
Жолтиковский бор	1
Иоанну	1
Старицу	1
Зубцов	2
Опоки	1
Холм	1
Угорьския	1
Венгрия	9
Адамова	1
Заповедный лес	1
Архангельский	1
Ильинского	1
Мамона	1
Иоанне-младом	1
Пречистую	1
Великою	1
Варьскою	1
Красною площадь	1
Аркольский	1
Феодосия	3
Чертолино	3
Афоне	1
Можай	1
Взойдет	1
Идущие	1
Занеглинной	1
Чертолин	1
Анастасьином	1
Сморгони	1
Боливар	1
Пизе башня	1
Троица	7
Никольская	3
Мамон-отец	1
Хабар-Симской	1
Касимов	2
Казенный двор	1
Москворецкий мост	1
Константино-Еленовских ворот	1
Онтонове двор	1
Фанни	1
Делиля	1
Сен-Ламбер	1
Саратов	7
Клопштоковые	1
Перепелихино	1
Царицыно	1
Иерусалимский	2
Полем	2
Поля	1
Нанин	1
Эмма	1
Эммою	1
Поль	1
Угличе	37
матушка-Русь	1
Европою	3
Азиею	1
Альпы	3
Ботнический залив	1
Царяград	1
Спб	1
Альфредов	1
Флори-ан	1
Демаре	1
Киров	1
Клелий	1
Мейснеры	1
Манзони	1
Суздальское княжество	4
Лувр	1
Гиза	1
Варантовский	1
Кремлевский	4
Колумб	1
Сидорка	1
Гришуха	1
Орда	11
Косая	1
Московский	50
Дмитров	16
Литвою	2
Великий	5
Деире	1
Адриатическое море	2
Венеции	1
Курск	17
Чернигов	12
Переяславль	29
Галич	19
Опочке	1
Порхов	3
Шелони	1
Новугороду	1
Днепровские острова	1
Черный	3
Белое	1
Средиземное	3
Святая земля	2
Греческая земля	1
Египетская земля	1
Иерусалимская	1
Днепр-река	1
Макарийская	1
Окиян	2
Батыевы	1
Темир-Аксаковы	1
Аравийская земля	1
Афонская гора	7
Эллинское море	1
Марьиною рощею	1
Петровский	4
Великое княжество	8
Новгороду Великий	2
Мономаху	1
Мономах	1
Суздальская область	1
Суздаль	19
Букалове место	1
Воробьевые горы	3
Сущев	1
Кудрин	1
Кузнецах	1
Кучков город	1
Божии	4
Букал	1
Бор	11
Ярославский	17
Тверской князь	1
Фроловские ворот	6
Сретенский монастырь	2
Кучковое поле	1
Крутицкий	2
Андроньев	1
Яузе	1
Неглинной	1
Кремлевская гора	2
Китай-город	11
Ярославская дорога	1
Страстный монастырь	1
Высокопетровский	1
Переяславская	2
Красное село	5
Божию	3
Кучков поле	1
Драчевском с_т_а_р_о_е городище	1
Драчевском-то поле	1
Сретенка	2
Константино-Еленские ворот	1
Лубянка	5
Неглинную	4
Никольских	1
Ильинских	1
Варварские ворот	1
Димитриевая	1
Русская	24
Серпухов	4
Малоярославца	1
Радонежа	1
Перемышль	1
Куликовое поле	4
Кремлевская	2
Сущевская слобода	1
Кремлевские стены	1
Можайского	2
Верейский	6
Нижний Новгород	32
Городец	2
Мещера	1
Новгород Великий	2
Звенигород	16
Верея	1
Можайск	3
Спасских воротах	1
Вознесенский	1
Писцовою палатою	1
Крестовой	3
Кремлевский дворец	5
Чудовский монастырь	1
Великий князь	6
Благовещенская	1
Сербия	4
Святыя гора	1
Благовещенский собор	1
Шемяку	3
Красный крыльца	12
Красное крыльцо	12
Флоровские воротами	1
Красная палата	1
Колывани	1
Москву	1
Рязанский	5
Шемяка	8
Басенку	1
Можайский	12
Софьею	1
Зубцовский	1
Тверскому	1
Сетунь	1
Замоскворечьем	1
Косого	5
Зубцовского	1
Троицкая обитель	1
Дон Пересвет	1
Масленица	2
Царьграде	1
Бровь соколиная	1
Застонала мать-сыра земля	1
Ладожское озеро	5
Ямь рыжеволосую	1
Зеленая земля	1
Заволочье	1
Вавилон Великий	1
Варяжское море	3
Студеное море	3
Волхова	2
Веча	2
Ильмень	3
Холмогорский лес	1
Задумалась	1
Куденей	1
Заволховские	1
Старая Ладога	1
Ярославская	2
Государеву	1
Кострому	4
Нижний	31
Коломенская	4
Тоболину	1
Рязань --	1
Дмитрова	3
Боровский	1
Троицкая дорога	6
Клязьма	1
Юрья Димитриевич	1
Клязьмы	4
Троицкий монастырь	17
Московский князь	2
Переяславская слобода	2
Паломник	1
Фессалоник	1
Великий Константинополь	1
Новый Рим	1
Вселенский	2
Исидор	2
Орд	1
Золотые ворот	1
Ордынский	1
Коса	1
Гудочником	1
Юрья	1
Орды	2
Фроловские	2
Израили	1
Московский повелевал	1
Шемяк	2
Рязанью	2
Великий княжестве	3
Гудочник	3
Каменный пояс	1
Кремлевский Дворец	1
Дерязин	1
Божиею	1
Тарусского	1
Коломна	35
Царяграда	1
Шемяке	1
Великое	1
Лукиной улица	1
Троках озеро	1
Кривой	1
Затычка-Булатов	1
Колязинский монастырь	1
Коломенская дорога	1
Орде	2
Девичье поле	4
Владимирская дорога	4
Юрьевец-Повольский	1
Куси	3
Галицких болотах	1
Верейского князья	1
Унжи	1
Юрьевская дорога	1
Косому	3
Николы Нагорный	1
Нижнему	2
Ростовская область	1
Донской	1
Бежецк	2
Ржев	2
Симонов	2
Симоновская обитель	1
Ярославский князь	1
Нижнего	1
Таврическая земля	1
Босфор	5
Трои	6
Кедрон	1
Теревинфа	1
Архипелаг	5
Галицких леса	1
Гаваонской	1
Ходынку	1
Вятку	4
Ходынке воинские	1
Галицкие	1
Верейские	1
Переяславль-Залесский	1
Златых Врат	1
Шемякиной	1
Красный Бежецкий Верх	1
Косого Звенигорода	1
Вятка	1
Улу-Махмет	2
Волга Коса	1
Суздальскому князь	1
Шемяка Углич	1
Белозерские леса	1
Углич князь	1
Устюг	6
Вятке	1
Ржевский	2
Дмитрове	1
Лучинском	1
Гавриловские	1
Димитриевых	1
Кубенского озеро	2
Бело-озера	1
Позоровицею	1
Кубенским озеро	1
Сухоною	1
Каменскому остров	1
Спасокаменский	1
Кубены	1
Устье	1
Глушице	1
Сухоны	1
Сянжемские	1
Куште	1
Спасокаменская обитель	1
Спасокаменскую о_б_и_т_е_л_ь	1
Палестины	1
Каменский остров	1
Грянули	1
Каменского	1
Куштинского монастыри	1
Братищи	1
Заозерье	2
Чарторийский	1
Братищах	2
Кубена	1
Кубен	1
Владимирская	5
Московская большая дорога	1
Рязанская	1
Устюжские лес	1
Кубену	1
Шемяки	1
Тулы	3
Большая орда	1
Углича	2
Заозерьи	1
Белева	3
Махмет	1
Голтяев	1
Рязанская дорога	2
В Рязань	1
Красная слобода	1
Белевый	1
Белеве	2
Тульская дорога	1
Косым	1
Муромские	2
Нижегородские	1
Костромские области	1
Лазар	1
Петр	4
Христово	1
Мезенью	1
Пермь	5
Югрою	1
Заморья	1
Божиих	3
Софийская площадь	4
Колывань	2
Куконос	1
Ливонии	9
Пруссия	13
Дания	8
Швеция	87
Ливонию	4
Концы Новгород	1
Плесковскую	1
Новгород Москва	1
Боголюбский	1
Орлец	1
Святая София	4
Евфимий	2
Славянский Конец	1
Бежецкий Верх	1
Москве	3
Москва Новгород	1
Саввинская Сторожевская обитель	1
Димитрий Красный	1
Синее море	1
Шемякою	1
Гудочника	1
МОСКВА	8
Вильну	4
Эмс	8
Ловский	1
Неонилл	1
Польш	1
Ита	1
Можайска	2
Смоленская	3
Французы	5
Графиня	1
Орел	15
Головинския	1
Хамовническия	1
Полевой двор	1
Русския	3
Клавдию	3
Фортепианы	1
Греческая империя	1
Корсик	1
Греческая религия	1
Неаполитанский	2
Сен	1
Вобановая	1
Сибирский	3
Великая Россия	1
Неонилле	2
Монитер	1
Поклонной горы	1
Петровский дворец	7
Еврейский	2
Греческий	3
Факелами	1
Воскресенския	1
Никольския ворота	2
Спаса	2
Эмсу	1
Петровский палац	2
Флигеля дворец	1
Флигель	2
Фонарь	1
Башкирский язык	1
Ассирийский	1
Армянский	1
Русский язык	1
Большая Никитская	1
Северная	4
Южная Америка	1
Океания	1
Генеральские	1
Марс	9
Иу	1
Азиатская	2
Императорский дворец	1
Поле	1
Тверская застава	6
Грузинская	2
гоф-Фурьер	1
Троицкие воротам	1
Никитская	2
Кузнецкий мост	12
Мясницкую	1
Басманной	1
Запасный дворец	1
Немецкий	1
Неониллу	1
Грузинская Царевна	1
VIII	1
Троицкие ворот	1
Кузнецкая улица	1
IX	1
Французски	1
Никольския вороты	1
Никольские ворот	2
Спасских	2
Боровицкия ворота	1
Неонилла	1
Гудишки	1
Княжеством	1
Литовская	3
Войцеху	1
Литовском	2
Графская	2
Астольды	3
Нарина	2
Рокоча	1
Польская граница	2
Керелла	1
Нарине	1
Пекол	1
Литовский	14
Виленским	1
Святыню	1
Торгайлы	7
Тодеуша	1
Труглинскаго	1
Граф	2
Графским	1
Кауни	3
Гродно	2
Евстафиевые комнаты	1
Княжестве	1
Кереллу	1
Евстафий	3
Княжестве Литовском	1
Виленская	1
Гродненская	3
Варшавская	1
Евстафиевая	1
Астолед	3
Труглинский	1
Евстафиевая комната	1
Польская Граф Марх	1
Шамбеляна	1
Княжество Литовскаго	1
Графский двор	1
Амазонка	1
Графских	1
Астольда	1
Францишка	1
Литовскаго край	1
Краков	54
Торгайлов	1
Литовская столица	1
Гедвиги	1
Гедвигою	1
Бригитты	1
Польшею	6
Ольгерд	1
Князь Литовском	1
Астольде	1
Францишком	1
Литовскаго	1
Литовское	2
Торгайла	1
Сендомир	3
Четью-Минея	1
Глинки{	1
Сухаревой	1
Горенки	1
Горенках	1
Кучинская гора	14
Новогородской	2
Европейская Россия	7
Полоцкая	2
Рогвольда	2
Перунова капища	2
Берестово	10
Предиславино	44
Аскольд	2
Подол	20
Предиславина	56
Перуновый	2
Пачайну	2
Андреевская церковь	2
Велесовой	2
Велесов капища	2
Аскольдовая	6
Закачался темный бор	2
Великий Новогород	2
Хвалисское	2
Долобское озеро	12
Хоревицы	2
Белая Вежа	10
Тмутараканские	2
Сурожскому	2
Аркон	2
Киево-Подол	2
Мураву шелковую	2
Теплые туманы	2
Перун	5
Ретре	4
Фивами	2
Почайну	4
Угорскую	2
Угорским	2
Услады	8
Долобского	2
Звенислав молодец	2
Угорском	2
Всеслава	4
Крещатик	2
Хорватскую	2
Русская уголок	2
Овруча	3
Родня	2
Волжские страны	2
Тмутараканское	2
Владимировых воины	2
Дулеба	2
Перунова	2
Перуновой	2
Норвегия	8
Фенкал	2
Гремел	2
Дремало море	2
Стемид	4
Эва	2
Почайною	6
Капырев	2
Тмутараканскую	2
Византийский	2
Локлинская земля	2
Иверию	1
Всеслав	4
Усладов	2
Чернобога	2
Предиславине	10
Предиславину	8
Берестов	6
Чертории    Разгулялись	2
Тороп	2
Щековицу	2
Фрелаф	2
Хоревицею	2
Атель	6
называемоеДорожич	1
Васильков	3
Индостан	2
Поморье	4
Почайн	2
Соколе	2
Чертории	2
Словенске	2
Ильмера	2
Мутная	4
Карелия	6
Перыньи	2
Югорская	2
Ягу Бабу	2
Сосве	2
Рогнединый	4
Пробирает	2
Стая	2
Пробираясь	2
Чертова Городища	4
Добрыня	2
Чертово Городище	4
Щековицы	4
Берестова	2
Долобское	2
Предиславиным	2
Олегова могилы	2
Чертовом Городище	2
Светорад	2
Тугорканово	8
Фенкала	4
Рогнедином	2
Берестовым	2
Берген	6
Река	3
Древний замок	2
Рвы	2
Расстилал	2
Окружал	2
Вековые	2
Рикмор	2
Одена	2
Разлился	2
Рогнеду	2
Садко	2
Полоцкую	2
Ходуном земля	2
Буг	7
Босфор Фракийского	2
Пропондиты	2
Муром	10
Карачарова	3
Аскольдова	2
Орлеанский	1
Царицына сад	1
Ораньенбаум	1
Корсаков	5
Ковши	1
Нарвою	9
Гаврила Афанасьевич	1
Лыковых	1
Кагул	2
Абесферс	2
Ниагары	1
Белозерского	1
Тужиловка	2
Тужиловки	2
Мещанская слобода	1
Ильинка	1
Марьина роща	6
Московская улица	1
Тужиловке	3
Дворянская улица	4
Герольд	1
Авдотью Михайловну	1
Парфен	1
Петербургская дорога	2
Головинский дворец	1
Новая деревня	2
Рогожская застава	1
Рогожская	2
Мемеля	1
Арбат	3
Тверская Царьградский трактир	1
Зарядье	1
Кросена	1
Одер	1
Померании	1
Кросен	1
Арбатские ворот	7
Арбатские воротам	1
Лобное место	9
Кремль Спасские воротами	1
Каменный мост	5
Белый город	5
Сведенборга	1
Вознесенья	2
Коломенского	1
Саксония	5
Коломенском	7
Карлсбад	8
Рязанская губерния	2
Арабские	1
Пантеон	1
Капитолия	1
Тибр	3
Ангел	1
Ла-Скала	1
Корсо	1
Дель-Пополо	1
Дель-Пелигрино	1
Тиволи	3
Тивольских водопады	2
Террачин	2
Дель-Говерно [Дель-Говерно	1
Бедлам	1
Зацепу	1
Закамский	1
Останкино	2
Сущевская застава	1
Останкинская роща	1
Троицкая застава	1
Днепровским	2
Женевское озеро	3
Соединенные	1
Американские Штаты	1
Луцкий	3
Днепровской	1
Везувий	3
Перувии	1
Гранада	1
Днепровская	6
Вельская	1
Дмитровка	1
Днепровского	5
Сокольники	1
Серпуховские воротам	1
Кусково	1
Тюфели	1
Марьины роща	1
Неаполитанский залив	1
Луцкий просветлело	1
Владимирская застава	1
Тужиловку	2
Рогожскую	1
Поварская	1
Белозерских	1
Восточный	1
Европейское	1
Парижский	1
Ижорским	1
Прагин	5
Райский	20
Райские	5
Вольдемар	15
Столицы	2
Государство Русский	1
Райского	9
Райских	3
Небесах	1
Вольдемара	2
Столица	3
Шехеразады	1
Ижорского	52
Ижорских	27
Райском	5
Ижорском	2
Ижорский	12
Ижорскому	1
Морфея	1
Ижорские	6
Ижорского оставшиеся	1
Ижорской	3
Райский искустно	1
Превосходило границы	1
Мария	2
Математек Архимед	1
Университетегде	1
Семейство Ижорских	1
ШЕСТАЯ	1
Змейского	1
Змейский	1
Спор	1
Никанора	4
Мариею	1
Ижорский благоприятствовало	1
Ижорскими	1
Шестая	1
Сербскому	1
Азиатские границы	1
Оттоманскую Порт	1
Российский Император	1
Порты	14
Морейских Греки	1
Княжеств Молдавский	1
Волошского	2
Порте	4
Россиею Держава	1
Греками	2
Валахии	6
Порту	2
Аккерман	3
Лондонский	1
Турецкая Империя	1
Дворы	1
Наваринское	1
Магометанские народы	1
Оттоманской Империя	2
Порт	4
Оттоманской Порте	1
Российские	3
Империя	2
Скулянех	1
Фальчи	2
Водолуй-Исакчи	2
Максимени	1
Бухарест	5
Браилоп	1
Княжеств	2
Браилов	6
Своей Империя	1
Малая Валахии	2
Дуная	9
Российские войска	1
Исакче	2
Исакчу	2
Мачин	3
Гирсово	1
Россиею	8
Валахия	2
Базардящик	1
Шумле	6
Варна	12
Шумла	1
Праги	1
Райскому	1
Армиде	1
Славин	1
Славина	1
Илион	1
Африканская	1
Зарецких	1
Арарат	2
Азиятскую Турция	1
Рурския	1
Грузины	1
Алегез	1
Карсу	1
Турецкие области	1
Карс	1
Ахалкалаки	1
Гертвис	1
Поти	1
Арзерум	1
Ахалциху	1
Куре	1
Ахалцих	1
Турецкое войско	1
Евфрат	4
Турциею	2
Княжество	1
Май	1
Валерьян Александрыч	1
Прасковьею Васильевною	1
Селистриею	1
Шумлы	1
Силистриею	1
Правод	2
Силистрии	1
Хлопотах	4
Варула	1
Десны	2
Десна	6
Мастридии	1
Епифан	1
Аверкий	1
Сарвил	1
Герасиму	1
Хлопот	3
Стигийских	1
Варуховой	1
Мемнон	4
Истукариевом	2
Евлалии	1
Мелитине	1
Истукарий	2
Истукария	2
Батуринских	1
Переяславле	3
Мемнона	2
Глупцово	5
Пирятин	14
Глупцова	4
Корийскую	1
Глупцове	2
Глупцову	1
Енцелад	1
Пирятину	1
Швитково	1
Хитрова	1
Хитрово	1
Швиткова	1
Швиткове	1
Швиткову	1
Вороново	1
Сусанны	1
Удай	2
Серафину	2
Докиара	1
Измаилову корчма	1
Запорожчин	1
Истукариева	1
Неониллою вздумали	1
Батурине	2
Глафиру	1
Сечи	9
Куфия	2
Малороссию	1
Хорольская область	1
Еварестовы	1
Евареста	1
Малороссией	1
Неон	1
Неониллою	1
Королевом огород	1
Епафраса	1
Анною	1
Иоада	1
Пирятина	1
Голтве	1
Арий	1
Арий взмостившийся	1
Еруслан Лазаревич	1
Троею	1
Калестиновых	1
Никодим	1
Филониду	1
Фомино	1
Калестин	1
Переяславом	1
Хлопотами	1
Мигуны	4
Евгенина обручальные кольцо	1
Запорожью	2
Запорожская Сечи	4
Еварестовых	1
Сеча	4
Реас	1
Млинах	2
Мигунах	1
Хама	1
Горюхине	1
Горюхино	1
Горюхина	1
Ненарадово	2
Почитая	1
Скулянами	1
Топчущие	1
Ненарадов	1
Жадрино	2
Жадринская роща	1
Жоконда	1
Марьи Гавриловны	1
Марье Гавриловне	1
Басманная	1
Никитскую	1
Никитские ворот	2
Разгуляй	1
Никитским воротам	1
Демутовый	1
Минский	2
Литейная	4
Н	1
Алексеевский монастырь	1
Прилучине	1
Тугилово	2
Трофиму	1
Акулиной	1
Прилучино	1
Прилучина	1
Лизавете	1
Южная Россия	5
Польская  республика	1
Южная  Россия	1
Северная  Европа	1
Саксонию	4
Польский  Войске	1
Республика	3
Орлика	4
Польская Украина	7
Палея	6
Орлик	5
Татария	1
Стародуб	5
Винницкое тракту	1
Огневика	1
Кочубей	2
Печерская крепость	3
Божий	2
Запорожский	3
Иванчук	1
Грицка	1
Украинская граница	1
Винницу	1
Мазепиных	1
Фингал	1
Польская Республика	2
Винницею	1
Заднеприи	1
Красный  Став	1
Галиция	3
Минск	2
Белая  Церковь	3
Палеевой  вольницей	1
Берестечком	1
Август	6
Голландская Республика	1
Рио-Жанейро	1
Бахию	1
Белоцерковскую	1
Желтый	1
Иде	1
Малороссийского	1
Польская  Республика	1
Заднепровского	1
Немировом	1
Богуславом	1
Корсунем	1
Бердичевом	1
Винница	2
Мариенбургская крепость	1
Гетманщину	1
Малороссийским	1
Доминиканцы	1
Бенедиктины	1
Бернардины	1
Реформаты	1
Республика Польская	1
Батурин-ская дорога	1
Малая  Азия	2
Быевский	1
Батуринская  дорога	1
Огневик	4
Троичкими	1
Петербургский	1
Адмиралтейство	5
Миллионная	2
Васильевский  остров	2
Матисова	1
Адмиралтейская  сторона	2
Морские  улицы	1
Литейная часть	1
Миратейство	1
Исаакий Далматского	1
Ростовский	2
Суздальский  Покровский  монастырь	1
Московская Ямская	1
Русская  Украина	1
Троицкий  питейный дома	1
Украиною наводнены	1
Новгород-Северский	1
Голицын	1
Киевский воевода	1
Наказному	1
Наказной	1
Гадячь	2
Ромны	4
Яблоновский	1
Киевское воеводство	2
Чухонщине	1
Шереметев	1
Нарвой	1
Черниговскому	1
Кондаченке	1
Финский   залив	1
Батуринский	1
Бахмач	20
Малороссийском	1
Бахмаче	1
Сожу	1
Войнаровский	2
Кондаченкой	1
Быевским	1
Отборное войско	1
Десне	1
Семеновке	1
Новгородом-Северским	1
Горках	1
Проне	1
Могилевский  воеводстве	1
Горкам	1
Христос  Спаситель	1
Батурин вверено	1
Бахма-ча	1
Москаленкой	2
Запорожская	1
Нарва	30
Бендерах	2
Кременчуге	1
Ворскла	3
Калмыцкая Орда	1
Варнице	2
Бендер	2
Афонская  гора	1
Бендерами	1
Новгородская область	1
Подолия	1
Северское	2
Печерская Лавра	2
Высочайший Судьи	1
Искупителем	1
София Алексеевна	1
Троицко-Сергиевский монастырь	1
Архангел Михаил	2
Московское государство	14
Российская Империя	4
Гостиная	2
Архангельск	7
Холопий	2
Выводивший	1
Твоей держава	1
Фроловская башня	2
Стрелецкий	3
Красный Крыльце	1
Великия	4
Малыя	5
Китай-городе	4
Белом	1
Милославский	2
Ивановская	1
Драчах	5
Долгорукому	4
Спас Нерукотворенного	1
Ивановская колокольня	2
Пустозерск	4
Лухов	2
Пыжах	1
Хомякове	2
Клюквино тож	1
Чермного	2
Уложении	1
Василья	3
Полтева	1
Отдаточный двор	5
Стремянная	1
Полтев	2
Стремянной	1
Николы	1
Столпах	1
Нарышкиных добирающиеся	1
Циклер	1
Знаменский монастырь	2
Матвеев	1
Земляной город	5
Красный крыльцу	1
Долгорукому секирами	1
Сенях	2
Божиего	1
Покровские воротам	1
Рейта	1
Лыкова	1
Патриарший Двор	2
Спаса Нерукотворенного	1
Константиновский застенок	1
Московское Государство	1
Поганый пруд	1
Немецкая слобода	2
Львов	30
Дума	2
Российское царство	1
Российское	1
Холопьем	1
Ласточкино Гнездо	22
Царев сад	1
Государев сад	1
Кремлевская стена	6
Боровицкие ворот	1
Васильевский луг	1
Яузские ворот	1
Аталанта	1
Натальею	1
Соловецкий монастырь	3
Погорелово	13
Погорелове	6
Семирамида	1
Зендавест	1
Ласточкина Гнезда	5
Чертово Раздолье	5
Семирамиды	1
Нарышкиных	1
Посольский двор	1
Немецкая Слобода	1
Благовещения Пречистыя Богородица	1
Богоявленский монастырь	1
Пустоозерский	1
Ледовитый	1
Иов	1
Греках	1
Скифополии	1
Греческое царство	1
Соломонову	1
Истру Иорданом	1
Назарет	1
Вифлеем	1
Истре	1
Стремянный	1
Патриарший двор	2
Палатинской	1
Спасские ворота	2
Постельное крыльце	1
Хованском	2
Хованский	9
Хованскому	2
Ризположенская	1
Грановитая	2
Афанасий	1
Троицкая вечерня	1
Поморская	1
Кольский острог	1
Кандалажский	1
Холмогорех	1
Кандалажский монастырь	1
Тюремный двор	1
Коломенскому	1
Великая	1
Савин монастырь	1
Пушкино	4
Клязьме	1
Воздвиженское Троицкое село	1
Недельное	1
Земляного	1
Гораций	2
Бутырская слобода	2
Чудова монастырь	1
Лаптев	1
Пушечный двор	1
Алексеевской	1
Чертово раздолье	2
Чертовое раздолье	1
Милославского	1
Андреевский монастырь	1
Кружечный двор	1
Аввакум	1
Содом	3
Старый Спас	1
Чертовом раздолье	1
Баба Яга	1
Погорелова	3
Милославском	1
Чернел	1
Погорелов	5
Бурмистров	2
Заря	1
Ступайте гряды	1
Преображенское	22
Преображенский	15
Потешный двор	1
Семеновское	1
Преображенских	1
Семеновских	1
Семеновский	7
Семеновские	1
Погорелову	1
На двор	1
Чертовым Раздольем	1
Налеты	1
Яренск	2
Суздальский уезд	1
Решму	1
Юмохонскую волость	1
Ласточкин Гнезде	1
Успенский собор	3
Сретенских	1
Преображенский он-то	1
Преображенский Петров	1
Житного двор	1
Преображенского	1
Москвы-то	1
Лебедь	1
Розряд	1
Шакловитого	1
Прозоровский	1
Новодевичий монастырь	10
Преображенские	1
Семеновские потешные	1
Лыкове двор	1
Василье	1
Нарвой-то	1
Аргангельск	1
Чудове монастырь	2
Хорол	15
Колиберде	1
Сорочинцах	1
Чудный	1
Трех  Святители	1
Миргороде	1
Миргорода	1
Бурса	1
Чухрайловская дорога	2
Необозримые луга	1
Черная земля	1
Красная улица	5
Фонтанная речка	2
Петр Великом	1
Гангут	1
Симеоновский мост	5
Итальянский сад	1
Измайловский полки	1
Калинкиной	1
Калинкина деревня	3
Аничкова	1
Мурашев	1
Бел-озеро	1
Царицына луга	1
Крестецкого яма	2
Трейден	1
Царицыном луг	2
Петр Великий	1
Царицына луга канал	1
Почтовый двор	2
Мойка	1
Царицын луг	2
Екатерингоф	9
Мешниковым	1
Гейер	2
Морские улицы	1
Валериан	3
Елисавета	1
Муромский лес	6
Шлиссельбургская дорога	2
Тулупов	1
Гейером знак	1
Шлиссельбург	7
Лельском	1
Пелымь	1
Финляндия	13
Нартова	2
Русская Словесность	2
Державиных	2
Гопле	2
Гологордовского	2
Монгольская империя	2
Гологордовский	4
Процессовича	2
Прибывшие	2
Бахусовы	2
Лебриллияна	2
Мадрид	16
Мансенаресе	2
Оренбург	96
Монетный двор	1
Горное	2
Вороватин	2
Город	2
Саратовская губерния	3
Хиву	2
Арсалан-султан	2
РОССИЯ	2
Оренбургская	3
Фирюлькина	2
Сыр-Дарье	2
Слоним	4
Лет	2
Флоренция	3
Пафос	2
Св. Марка	4
Св. Георгий	2
Новая набережная	2
Киргизский народ	1
Баганалы-Кипчакскому	2
Киргизская	4
Бренты	4
Сирена	2
Лейден	2
Константинопольская гавань	2
Перу	3
Бока-ди-Катаро	2
Пере	4
Тавриз	2
Тегеран	2
Астрабад	4
Бухарой	2
Хивою	2
СТЕПЬ	2
Япониею	2
Апостольский	2
Миловидин	4
Великие Моголы	2
Сидоровым поле	2
Глаздурин	2
Глаздурина	2
Спарта	3
Бухара	4
Бухаре	2
Аделаида	10
Провидение	3
Кречетниках	2
Фабрициях	2
Анетой	2
Груню вблизи	2
Груне	2
Ядина	2
Боасонет	2
Виленская губерниях	2
Удавичем	2
Тонковорина	2
Зарезина	2
Удавича	2
Пошехонья	2
КИРГИЗСКОЙ СТЕПЬ	2
ПАРИЖ	2
Мошнин	2
Темир-Булак	2
Большая Орда	5
Чизлыкского	2
Дерт-Карикского	2
Молл	2
Пале-Рояля	2
Пал-Рояль	4
Харьков	7
Туртукай	2
ПЕТЕРБУРГ	2
Анету	2
Демутовый трактир	1
Красная	2
Емельяновку	2
Петергофская дорога	4
Олинек	2
Емельяновке	4
Демутов трактир	1
Дурачинский	2
Белорусси	2
Чувашия	4
Бентам	2
Таврида	2
Флессинген	1
Сенявин	1
Адриатик	1
Плимут	7
Белозор	1
Казанская губерния	1
Нидерландах	1
Заардам	1
Флессингенский  округ	1
Франкфурт	1
Жанни	1
Альгамбре	1
Брюссель	2
Кантон	1
Британия	1
Вздохов	1
Нидерландов	1
Флора	2
Альпов	2
Монтаня	1
Саарвайерзен	1
Фламгауз	1
Саарвайерзена	1
Новый мост	1
Павлуся	1
Трофимка	1
Сидорушка	1
Офремушка	1
Егорушка	1
Трофимушка	2
Галушкинских	1
Баумейстеровая	1
Ломоносовой	1
Галушкинский	1
Миронушку	1
Егорушку	1
Савушку	1
Фомушку	1
Парнас...	1
Осиповичей	1
Петруся	1
Тетясь	1
Стикса	1
Тетясю	1
Корнауховку	1
Хорола	2
Горб-Маявецкий	1
Санктпетербург	19
Санктпетербург доехавшие	1
Кузьма	2
Петербургская губерния	1
Переяслав	2
Санктпетербурге	2
Невский монастырь	1
Глухове	1
Глухов	1
Кобеляки	2
Тулу	1
Анисеньку	1
Анисенька	1
Венера	6
Горбуновский	1
Российское государство	1
Опошни	1
Роменская	1
Рейнское	1
Петеште	1
Сапктпетербурге	1
Фомушка	1
Шекспир	1
Аничкина мост	1
Боровицкие ворота	3
Гриша	2
Стрелецкие	1
Чигорина	1
Триполя	1
Стайкова	1
Наконец	3
Воздвиженскому	1
Гришею	1
Пушкина	1
Троицкая лавра	13
Литовская граница	8
Вязьма	3
Лебединый пруд	1
Троицкая Лавра	1
Вязьмы	1
Великолуцка	1
Воскресенский монастыри	1
Дисифей	1
Воскресенский монастырь	1
Великолуцк	1
Вязьмою	1
Ингермалландией	1
Нарвы	2
Пернов	25
Балтийское море	10
Шведами	2
Шведы	2
Трошках	2
Ингермалландии	1
Литовцы	2
Шведам	1
Финские болота	1
Каминкино	2
Каминкин Тут	1
Ниеншанец	4
Воскресенском	2
Саввина монастырь	1
Мариенбург	68
Невские острова	1
Котлин	3
Луст Эйланда	2
Поварская улица	1
Мариенбург Глюк	1
Грише	1
Глюка	1
Глюку	1
Головчин	1
Лесной	2
Погребках	1
Кормчин	1
Усердов	3
Погребки	1
Усердова	1
Корчмин	1
Сосницы	1
Поздно	1
Русским Царь Петр	1
Губерниях	1
Камчадалов	6
Озерной	2
Опальная	1
Курильский остров	1
Лопаткою	1
Опальная сопка	1
Алаиде	1
Алаиде-та	1
Игдыг {Река Озерная	1
Курильское озеро	1
Шевелич	1
Нижне-Камчатск	1
Кроноцкое озеро	1
Улкал-Вай	1
Корякская	1
Степаныч	1
Камчадалы	2
Паратунке	2
Петропавловск	13
Кутхою	1
Англичане	1
Парамушир	1
Риторики	1
Камак	1
Японцами	1
Аачган	1
Опала	1
Лопатки	1
Кууюхчен	6
Акет	1
Охотск	1
Авачинская губа	3
Тарпинской	1
Петропавловской	1
Петропавловская	3
Стрелочная	1
Камчадалке	1
Иркутск	20
Сумкина Чети-Минеею	1
Камчатке-де	1
Кууюхчин	1
Большерецк	2
Ипокрену	1
Лопатка	2
Паратунка	1
Камбалиной	1
Кууюхчев	2
Камбалину	1
Камчадалах	1
Большая река	1
Шемеча	1
Восточный океан	1
Кылхту	1
Нынгучу	1
Трунилов	3
Паршин	1
Камчатке	2
Шантал	1
Камчадальских сагах	1
Петропавловская гавань	3
Авачинский шатер	1
Нижге-Камчатск	1
Авачи	1
Хапилов	1
Нижнекамчатск	1
Куюхчен	1
Небу	1
Ивашкшгь	1
Топоркова острова	1
Авачинской	2
Камчатка область	1
Анадыр	1
Марий	1
Немеция	1
Лесаж	1
Орловскою	1
Курскою губерниями	1
Фалалеевке	13
Курская губерния	7
Шотландия	3
Яньке	1
Никандра	2
Мавр	1
Никандре	1
Индейская	3
Лейбницев	1
Веельзевула	2
Соломонидою	1
Горланий	1
Горланиусовом	1
Байкал	3
Иркутская	1
Тверская улица	4
Фатеж	8
Фатеже	2
Тульская	3
Тульская губерния	4
Фалалеевка	2
Дурнов	1
Никандр	1
Серпуховские ворот	5
Марьина	1
Рубикон	1
Психее	1
Фалалеевку	4
Доброславов	2
Тигры	1
Медведи	1
Змеи	1
Скорпионы	1
Раки	1
Высокопросвещеннейший	1
Тельца	1
Нижняя Саксония	1
Куроумов	1
Машею	1
Филадельфия	1
С	2
Северная   Америка	1
Миссисипп	1
Полярный Гусь	3
Западный Рак	1
Олимпия	3
Урал	3
Енисей	1
Цирцеи	1
СОСТОЯВШИЙСЯ	1
Равенне	1
Харитина	1
Мценск	3
Телец Небесный	1
Златницкого	1
Златницкий запружены	1
Неглинная	2
Пахом	1
Пахому	1
Олмедо	1
Святой Денис	1
Польское королевство	1
Феклуши	2
Феклуша	1
Фалалеевкою	1
Гадинский	1
Геликон	1
Трудовский	1
Тоскана	1
Фалалеевки	2
Парящий	1
Юпитеры	1
Нептуны	1
Едва	1
Иаковля	1
Фалалеевке усну	1
Валевича	1
О...	1
Кузнецкий Мост	1
Чайльд-Гарольдов	1
Ибрагим-Паше	1
Горцев	2
Валевич	1
Христиносов	1
Родиля	1
Балканы	3
Океан	4
Юлиею	1
Дольский	2
Ватерлоо	1
Каспийское озеро	2
Кавказом	1
Астраханская губерния	2
Красноярская	1
Кутум	3
Огурчево	1
Кутума	4
Красный Яр	1
Живой мост	1
Огурчев	1
Близ  Буйнаков	1
Северный  Дагестан	1
Тар-кам	1
Буйнаков	1
Акушу	2
Буйнаками	1
Башлах	2
Куран	2
Буйнаках	4
Чечня	4
Сафпр-Али	1
Игали	1
Гаджи-Сулеи-ман	1
Гумбет-аул	1
Койсу	1
Аширте	1
Хунзах	19
Тарках	1
Акок	1
Узени	2
Аталы	1
Тхезерук	1
Тур-нитау	1
Кахетию	1
Алазань	1
Аммалат	2
Селтанеты	1
Узень	2
Аммалате	1
Терек	17
Дарьяльском  ущелий	1
Владикавказ	1
Малая Кабарда	1
Кубань	3
Казбек	2
Узденей	1
Правьте	1
Бурная  крепость	2
Бурная	1
Султан-Ахмет-хан злодействовал	1
Кульм-ского поле	1
Шамхал	1
Из	2
Млечный  Путь	1
Аммалат-бек	2
Хун-зах	2
Урмийская долина	1
Каспийский	2
Кавказские  воды	1
Аммалат прогулявшиеся	1
Кемек	2
Дарьял	4
Дал-юл	1
Дербент Темир-капи	1
Каспийскими воротами	1
Абазинская	1
Абхазия	1
Дарьяльский  замок	1
Мирвану	1
Вавилон	6
Меридово  озеро	1
Каспия	1
Священный союз	1
Аммалата	1
Кяфир-Ку-мык  лагерь	1
Селтанете	1
Тарки	1
Буйнаки	2
Георгиевск	2
Кяфир-Кумык       Август	1
Амма-лату	1
Кяфир-Кумык	1
Бутдень	1
Аку-шу	1
Хунзаха	1
Ливия	1
Нарынь-Кале	1
Аммалата посреди	1
Султан-Ахмет-хан	1
Анапа	6
Рион	1
Черноморья	1
Акуш	1
Тифлис	5
Истамбул	1
Елагина мост	2
Карповский мост	1
Крестовский остров	3
Елагина остров	1
Гравсдон	1
Елагином	3
Елагин остров	1
Махмуд	1
Магометов рай	1
М...	1
Лалла-Рук	2
Кастор	2
Поллукса	2
Московское тракту	2
Выборгскую	6
Песках	3
Смельских	2
Таврический сад	3
Лиссабон	6
Меркурий	3
Никоболюс	2
Петербурга	2
Буклиных	2
Буклиным	2
Мологи	2
Екатеринбург	10
Нескучный сад	2
Бенина	6
Бенин	10
Вельский	17
Б......	2
Алтай	6
Иртыш	4
Б.......	2
Калипсы	2
Карлы Карловичи	2
Смолянов	2
Змеевский рудник	2
Багрышиху	4
Б	2
Тигирецкая долина	10
Ускучевке	2
Тигирек	2
Белое озеро	2
Олимп	8
Ускучевским	2
Арского	2
Плитняжная	1
Терпсихоры	2
Арском	2
Каппадокийской	2
Т.......	2
Варварка	2
Замоскворечья расстилался	2
Дубровинское	12
Мексика	2
Калифорния	2
Альбион	2
Спасская башня	2
Вельского	3
Демках	2
Фильках	2
Княжестве Киевский	3
Облазне	9
Тир	1
Северная Европа	1
Италийского	1
Персидские {Такая	1
Варяжского	1
Балтика	1
Новгородская феодальная республика	2
Князьями	1
Кун	1
Древняя Русь	4
Щитную	1
Торговая сторона	2
Славянский	1
Волховом	1
Детинец	1
Княжеская	3
Ильменем	1
Перынь	1
Божнице	2
Молдавский	1
Сербский	1
Сошников	1
Десятских	1
Диды	1
Половецкую	1
Вышгород	3
Дорогобужа	2
Северская	4
Волынянами	1
Торками	1
Берендеями	1
Мстислав Киевский	1
Стременной суздальский	1
Олег	1
Стременным Суздальский Воевода	1
Частный Староста	1
Гончарском	1
Частный	1
Свельда	1
Двор Ярославов	1
Убеднился Новгород	1
Двор Ярослав	2
Ивор	1
Великий Князь	1
Бремен	1
Ганзейского	1
Шелоньскую	1
Деревскую	1
Обонежскую	1
Новгородские дев	1
Султанских	1
Хлеб-соль	1
Славенская улица	1
Ярославов Двор	1
Новгородскими	1
Русские Княжества	1
Юргу	1
Гостомыслов холм	1
Волотовое поле	1
Ильменя	1
Юрга	5
Лес	1
Юрги	3
Рус	1
Юрге	1
Мономаховичей	1
Русское солнце Мстислав	1
Унгрею	1
Князья	1
Черниговский	1
Ивой	1
Каменец	4
Галич Русский Князь	1
Галичан	1
Угорской	1
Унгрию	2
Ляхов	1
Под-Ляхия	1
Подляшье историческая область	1
Средний Буг	1
Киевская Русь	1
Тевтонский	1
Литовцами	1
Галичу	1
Зубрье	1
Угры	1
Ляхами	1
Угров	1
Угорских вельможи	1
Кощей	8
Бонна	1
Калке	2
Русские Княжеств	1
Таурмени	1
Хволынское море	1
Велико-Княжеских	1
Новгородских	1
Понизовская земля	3
Смотрвга	1
Заборовье	1
Бату-Хан	2
Русскими	1
Бир-Адам	1
Мэхка	1
Азрафиль	1
Шиса	1
Араи	1
Хэнан	1
Мелахил	1
Бердэ	1
Ахнух	1
Матузлах	1
Дзуди	1
Мюзель	1
Атэль	1
Яика	1
Харз	1
Закиэб	1
Менанэк	1
Цвин	1
Камари	1
Орды Урги	1
Урга	2
Монгольская сторона	1
Сарай Хан	1
Гюль-Беаз	1
Хадича	1
Мыслимя	1
Олынь	1
Сабира	1
Айну-Хаят	1
Харэм	5
Хадынею	1
Харэм Хан	1
Ханского	1
Ак-Орды	1
Криминды	1
Угру	1
Сарай-Ага	1
Орда-Урга	1
Хан-Олу	1
Огус-Хан	1
Ага	1
Эи-Сарай	3
Тол	2
Толы	1
Харазанли	1
Кара-юли	1
Княжеское	1
Дворянам	1
Заборовья	2
Луч	1
Студеницу	2
Стры	1
Иву	1
Русалем	1
Иерусалим-град	1
Иордане река	2
Ильменю	1
Куминского	2
Иордан	1
Иерусалимскими	1
Ильменю озеро	1
Сарачинской	1
Славенскою землею	1
Дичин	1
Понизовская область	1
Дана-Стры	10
Боярский двор	6
Пяток	2
Яры	3
Студеницы	4
Иеросолим	1
Гарам	1
Доезжачих	1
Ловчих	1
Стан	1
Угорский	1
Лаврентьевская	1
Радану	1
Черный бор	1
Иеросолима	1
Касьяновна	1
Глебовна	1
Днестр	13
Стрый	1
Дана-Пры	3
Первосвященника Аполлонова	1
Сербы	3
Тиун	4
Младень	1
Тверская летопись	1
Скифов	1
Зимницкий погост	1
Черкасские	1
Ханская	1
Ясов	1
Оуланов	1
Аш-Тарханы	2
Бугу	1
Ордами Татарскими	1
Куфис	1
Алматай	1
Сингуль	1
Танаш	1
Стан Князья Русских	1
Князь Ярославский	1
Просинец	1
Терку	1
Соану	1
Терк	1
Тиауко	1
Ясских	1
Черкасских	2
Татарский	1
Лавр	6
Лавра	2
Очи Лавр	1
Ст_а_но	2
Тан	1
Аланская земля	2
Азак	1
Таманское	2
Туманное	1
Татары Олу-Денгис	1
Славяне да Антами	1
Тана	1
Греческий город	1
Азака	1
Торговые Вежами Греков	1
Синда	1
Тмутаракань	1
Русское Княжество	1
Хазарии	1
Венециане	1
Кафу	3
Алушта	1
Шатер	1
Херонез	1
Озу-Кыры	1
Язское поле	1
Монкастр {Город Аккерман	1
Лимане Днестровском	1
Паланку	1
Лиман Днестровского	1
Лиман Дана-Стры	1
Паланки	1
Тигин {Ныне Бендеры	1
Вежи Тигинской	1
Каушане	1
Румынская	1
Крулевства	1
Панства	1
Вольного-Прага	1
Гедимин Литовский	1
Немцы Русские Князья	1
Литовские	2
Вилии	1
Луцк	1
Искупив Княжество	1
Русская над	1
Облазна	1
Афонские горы	4
Восточная Агарянской	1
Русские Князьями	1
Воеводами	1
Буговое	1
Руса	2
Агаряне	1
Готфы	1
Еллинской	1
Анты	1
Бессарины	1
Росланы	1
Хорваты	1
Невры	1
Северяне	1
Кривичи	1
Поляне	1
Бужан	1
Волх	3
Славяне	1
Даждьбугов лес	1
Дана-Пра	1
Ионийскую Цереру	1
Священный Буг	1
Словен	1
Тавр	1
Дербень-Урют	1
Богде	1
Кокнюр	1
Рифейская степь	1
Мойска	1
Рифейские горы	1
Мойску	2
Неясыти	1
Баба-Яга	1
Княжеский сад	1
Неясытская скала	1
Самват	3
Волха	2
Греческий Царь Феодосий	1
Дрикон	1
Тишь	1
Западный Император	1
Задунайских белые камни	1
Вельможа Царский	1
Кафказ	1
Ры	1
Ярусланов	1
Словенску	1
Мутной	1
Словенск	1
Мутную	1
Чистая	1
Ильмень-Мойско	1
Словеновой горе	1
Боричева холм	2
Ливийское море	1
Ливан	1
Весь Новосельскую	1
Перский	1
Струбуна	1
Новоселье	2
Мина Ольговны	2
Гречкаго ливан	1
Киов	1
Литовский Хоронжаго	1
Кыев	1
Веси Новоселье	1
Ильин	1
Мина Ольговне	1
Боярском	1
Боярские	1
Облазны	2
Полконевая	1
Ненила	1
Иве    Олельковичу	1
Верхотурье	2
Лукоморью	1
Верхотурья	1
Бабы-Яги	1
Русское царство	3
Тиун селение	1
Псковская I летопись	1
Княженецкий	1
Княжеских	1
Кром	3
Псковский Кремль	1
Кромах	1
Бесерменам	1
Таурменам	1
Мугулам	1
Татарам	1
Княжества	1
Бохмитов	1
Улан-Джаба	1
Княжество Рязанский	1
Оток	1
Джасаков	1
Табунан	1
Белогородцев	1
Княжеская светлица	1
Белогородского	1
Княжой сад	1
Двором	1
Двинские	1
Мамай	1
Княгиня Яснельда	1
Струя	2
Иве небо	1
Мирианы Боиборзовны	1
Баричева холм	1
Исад	1
Белогород	1
Ива Олелькович	1
Великий Лад	1
Лад	1
Узовской	1
Тиуна	1
Смы	1
Божницю	1
Пятка	1
Сошу	1
Славянское	1
Приютово	5
Змейкин	2
Елисавете	3
Аглаевым	1
Князь Рамирского	1
Судейскую	1
Радушин	1
Аглаев	5
Французские	1
Зельцерская вода	1
Аглаева	3
Шурке	2
Вампирова	1
Холмская	3
Удушьева	1
Лекарем	1
Холмской	1
Петровское	3
Пронского	1
Апостол	1
Любиньки	1
Пронскому	1
Ее	1
Сундуков	1
Землемер	1
Игнашки	1
Английский сад	1
Вот	2
Кардиса	2
Дальберг	4
Лаис	2
Ригою	2
Чудское озеро	20
Эмбаха	2
Скандинавский полуостров	2
Сагница	6
Гельмет	110
Розенгоф	10
Шварцбах	6
Новгородка Ливонского	2
Дерпт	32
Лифляндией	4
Бельта{	1
Прута{	1
Канцы	2
Луст-Эланд	8
Зашепчет пробужденный лес	2
Ней-Розенгоф	4
Менцен	26
Тейфельсберг	2
Чертовой гора	2
Ней-Лайтценской	2
Вайдау	4
Верровский{	1
Эзеля	2
Долина	36
Ренко-Мойс	1
Оденпе	8
Менценом	2
Стокгольм	28
Мариенбурге	2
Веттин	6
Магдебургском	2
Лифляндия	10
Нейгаузен	25
Эльфсбургский полк	2
Гермунаред	2
Вестготландии{	1
Ринген	26
Рооп	6
Гельмет ныне	2
Гуммельсгоф	22
Лифляндии медик	2
Лозаннской	2
Вельтлинская долина	2
Адзель	6
Выборг	25
Абов	2
Трою	2
Рангедале	2
Эмбах	14
Фалкенаусский	2
Долина мертвецы	4
Иоган финляндский	2
Аркадии{	1
Куйкац	2
Пекгоф	6
Тарваст	8
Выгорецкий	4
Гименея	4
Плутуса{	1
Проповедями	2
Элиас	2
Никласзон	2
Палестина	3
Лапландию	2
Св. Доминго	2
Аделаиды	10
Гельмета	2
Лифляндию	30
Оверлак	10
Бира	2
Грауденц{	1
Шлиппенбахов корпус	2
Лелии	8
Кувшиновой	6
Лелия	2
Печоры	4
Кувшиновой горы	2
Кропотов	2
Полуектова	4
Печорский монастырь	2
Лелию	2
Ересфер	4
Умор	2
Чудского	2
Лифляндах	10
Ледяной	2
Муннамегги	2
Эррастфер	8
Нейгаузена	2
Лифлянды	3
Прованс	2
Дымонов	2
Эррастфером	8
Древняя Вивлиофику	2
Софьино	8
Софьин	14
Сагницу	2
Пейпус{	1
Псковская	4
Новгородская провинция	2
Пейпус	5
Мариенбургской	2
Сагнице	14
Жуковский    Горы	1
Подосиновки	2
Опустел зеленый сад	2
Фили	2
Диан	2
Метта	2
Гапсале	5
Метты	2
Динаминд	2
Аугустенбург	2
Рингена	2
Помоны{	1
Розенгофа	2
Валках	2
Новгородка	2
Красная мыза	2
Черная	7
Валки	6
Пебо	4
Луизиная	4
Церера	2
Церер	2
Красный нос	16
Фюренгофа	4
Паткуль посреди	2
Лифляндцы	2
Платор	4
Паткуль	4
Пекгофа	2
Лима	4
Дополн	2
Тарваста	2
Гуммель	7
Елисавете Трейман	2
Гельмете	4
Менцена	2
Алуксне	2
Вольдемаре	4
Новый Городок	2
Ледовитого	2
Хвалынского{	1
Выговский скит	6
Выговской пустынь	2
Поморий	2
Большой нос	2
Выговскую пустынь	2
Пскова{	1
Менцен пыль	2
Васильем	2
Семеновский полк	2
Троицкий посад	2
Балтийский	2
Фюренгоф	2
Ревель	13
Гельметом	2
Лозань	2
Фриц	2
Гальсдорф	4
Розула	2
Венденском	2
Витебская губерний	2
Мариенбурга	4
Сооргоф	2
Росток	2
Орлеан	3
Кете	2
Поморский скит	2
На земля	2
Чудь	2
Нос	10
Носа	2
Орешек	3
Корелах	2
Ледовитое море	3
Финский	2
Ниеншанц	6
Большая	2
Малая Охта	2
Ямбург	2
Койво-сари	8
Ныне Царское Село	2
Петербургский остров	3
Луст-Эланда	2
Мариенбургом	2
Носе	2
Цудское озеро	2
Меркуриев	2
Рету-сари	4
ГОРОД	3
Мурзенку	6
Буржуа	2
Луст-Эланд обнажен	2
Лифляндию Мурзенко	2
Березовом	2
Саарамойзы	2
Красное сельцо	2
Новика	2
Перекоп	2
Зеленая долин	2
Троицкий	2
Софьина	2
Онегу	2
Выговском скит	2
Далекарлии	2
Кувшинову	2
Паткуля	2
Ильзу	2
Новике	2
Дерпта	2
Зонненштейн	2
Альпийские горы	3
Кенигштейн	2
Гутсдорф	2
Рейхардсгримм	2
Казимир{	1
Казимир	7
Паткулевая	2
Слупец	2
Покровского	2
Курятные ворот	2
Скорняжный ряд	2
Никольскую	2
Кокуевая слобода	2
Кокуевой	2
Фюренгофову	2
Бир	2
Меншиков	3
Поро	6
Морейский берег	3
Кап-Колон	1
Монастырская бухта	2
Пороса	1
Хиос	2
Идре	2
Мусульманский гарем	1
Греков	1
Морей	1
Метинские горы	1
Трезинской гора	1
Святой Николай	1
Малая Морская	1
Мегеру	1
Дворцовая площадь	4
Адмиралтейский бульвар	1
Графский сад	1
Парголовская гора	1
Марлийский пруд	1
Уральский хребет	1
Монплезлр	1
Наварином	1
Часослов	1
Горна	1
Средиземное  море	2
Свеаборга	1
Баффиновый залив	1
Бразилия	1
Тихий океан	1
Австралия	1
Южный  полюс	1
Ювеналы	1
Балкан	1
Варну	5
Петергофская  дорога	1
Южный океан	2
Рюисдаля	1
Немецкое море	3
фан-Остада	1
Сальватор	1
Вернета	1
Кановы	1
Правине	1
Млечное Пути	1
Тулон	1
Березину	3
Вологодская  губерния	1
Ситхи	1
Алеутские острова	1
Росс	1
Адриатическое  море	1
Авзонии	1
Бренте	1
Дон-Кихота	1
Роб-Роя	1
Тигром	1
Ефрат	1
Наварин	1
Дернеус	1
Норд-форландский маяк	1
Ла-маишский канал	1
Кале	1
Дувр	1
Пертшир	1
Эдди-стонский  маяк	1
Девоншир	1
Лизард	1
Бискайская  бухта	1
Аримана	1
Ляйт-Боруга	2
Ляйт-Боруг	1
Правина	2
Мертвое море	1
Итальянская улица	2
П**	1
Итальянская	1
Сихлер	1
Морская	1
Миллионным	1
Коммиссариат	1
Аничкиным дворец	1
Александринская площадь	1
Михайловская площадь	1
Корреджио	1
Мюрилло	1
Большая Миллионная	3
Каменноостровскии мост	1
Невки	3
Строгановский сад	1
Елагинский парк	1
Каменноостровский мост	2
Громский	1
Сен-Жермен	3
Версаль	2
Томский	2
Месмеровый магнетизмом	1
Раздевшись	1
Германн	1
Аркадия	1
Лапландских горе	1
Ливанский	1
Християн	1
Державин	1
Менгден	1
Бельта	1
Верровский	1
Валкский	1
Настоящая Московия	1
Тенистая роща	1
Вестготландии	1
Перст провидения	1
Плутуса	1
Грауденц	1
Лимы	1
Ракобор	1
Жуковский Горы	1
Гебы	1
Помоны	1
Нептун	5
Ильза	1
Хвалынского	4
Симбирская деревня	1
Мыс Добрая Надежда	1
Симбирск	5
Симбирский	1
Белогорская крепость	18
Пришедшие	1
Яик	2
Кистрина	1
Очакова	3
Оренбургская губерния	1
Белогорскую крепость	1
Нижнеозерная крепость	1
Середи поля	1
Занявшие луга	1
Белогорской	1
Белогорская	1
Марью	1
Бердская слобода	1
Юзеевой	1
Палашку	1
Берду	1
Симбирском	1
Оренбургом	1
Пугачев	2
Мирская	1
Дон-Кишот Белогорский	1
Армидкной	1
Нимфодор Терентьевна	1
Щетинин	2
Васильевском Острову	1
Сильфида	1
Невская Лавра	1
Волковым кладбище	1
Красносельским	1
Наденьку	1
Леонин	1
Леониными	1
Свербиными	1
Либариными	1
Волков кладбище	1
Волкове поле	1
Пермская губерния	1
Пашенька	1
Харламов мост	1
Анисим	2
Брянск	4
Козельск	1
Вязьму	1
Дорогобуж	11
Печерский	1
Царицына	1
Пурецкая волость	1
Балахне	2
Балахну	1
Смоленском	1
Тушин	4
Кирша	13
Троицею	1
Киршу	1
Святая Русь	1
Нижнее	1
Москве-то	1
Кудимыч	1
Федька Хомяк	2
Казанью	1
Змей Горыныч	1
Киевский Солнышке	1
Святославич	1
Гермоген	1
Незамановский	1
Царицын	2
Лесута-Храпунов	2
Замятня-Опалев	4
Удалой	1
Федорыч	1
Соломоновых	1
Вихря	1
Балахна	1
Благовещенский монастырь	1
Волгою	2
Василья Шуйский	1
Шуйский	1
Соловки	1
Лобное	16
Оборотясь	1
Пурецкая волости	1
Преображений	1
Минин	1
Арзамас	1
Москвою князь Трубецкой	1
Истомы-Туренина	1
Брынский лес	1
Сборное	1
Балахны	1
Кудимыча	1
Теплый Стан	8
Омляшем	1
Муромские леса	3
Жилищем ведьмы	1
Карачарове	1
Барабинских	1
Муромский	1
Москва проезд	1
Хотьковская	1
Лесуту-Храпунова	1
Замятню-Опалева	1
Екклесиаст	1
Замятне-Опалев	1
Сергиевская лавра	1
Троицкая	3
Кончурою	1
Терентьевская гора	1
Сергиевской лавра	1
Хотьковская обитель	1
Кудиново	3
Кудинова	3
Хотьковский монастырь	1
Темрюка	1
Хотьков монастырь	1
Никольского	1
Стрелецкая слобода	4
Лужников рассыпанные	1
Ново-Девичий монастырь	1
Афанасий Коломна	1
Межаков	1
Пожарский	1
Донский монастырь	3
Китай-города	1
Введение	1
Спасские ворот	2
Боровицкие воротами	1
Хотькове	1
Волоколамск	1
Спасск	5
Аннушка	1
Окою	1
Бубновый	1
Прокошине	1
Прокошин	1
Грушенькою	1
Млечный Путь	1
Плитняжную крепость	1
Запорожская Сечь зашумевшая	1
Запорожскую	1
Эрасту	1
Лангедок	1
Этне	1
Лангедокский замок	2
Газар	4
Газара	1
ЛеЛьевра	1
Газарский замок	1
Бахуса	1
Байоны	1
Версали	1
Фонтенбло	1
Байону	1
Байон	1
Барселона	1
Христианство	1
Палерме	1
Св. Петр	1
Калабрия	2
Жокондо	1
Жоконде	1
Калабрийских	1
Реджио	1
Палермо	1
Запорожские	1
Истрии	1
Дамианову	1
Дарданельский	1
Венециянский	1
Запорожская Сеча	1
Каир	3
Измаил	16
Сечь Запорожская	2
Сечи повещено	1
Пале-Роялю	1
Койшаурская долина	2
Койшаурская гора	2
Ставрополь	1
Кабарда	1
Пробираюсь	1
Азамат	1
Кизляр	1
Гуд-гору	1
Гуд-горы	1
Гуд-гора	1
Арагвой	1
Крестовая гора	1
Чертова долина	2
Чертовая долина	1
Тамбов	3
Крестовую	1
Коби	2
Печорин	1
Бэла	2
Терекское	1
Дарьяльское ущелья	1
Ларс	1
Владыкавказ	2
Екатериноград	2
Кабарду	1
Тамань	2
Геленджик	2
Керчь	1
Фанагорию	1
Ходящие	1
Пятигорск	7
Машук	3
Елизаветинский	1
Эльборус	1
Бешту	1
Змеиная	1
Железная	1
Лиговских	1
Грушницкий	1
Машука	1
Ермоловской	1
Подкумок	2
Кольцо	1
Подкумок вброд	1
Лиговским	1
Ессентуков	2
Н.	1
Вулич докинул	1
Вулич	4
Древний Рим	1
Почиталось	1
Червенских	1
Повидимому	1
Великий Кукша	1
Червенскими	1
Любече	1
Переславль	1
Древлянской	1
Перунов	1
Ипабог	1
Одрину	2
Турин	10
Турину	1
Одрины	2
Турина	1
Черниговская дорога	2
Р**	1
Барвеново	24
Каменный остров	8
Барвеновом	1
Барвенов	22
Н**	1
Сосницкий	1
Сен-Готгард	1
Полтавская губерния	9
Черниговская губерния	6
Черниговская	3
Полтавская губернии	1
Барвенове	3
Анюте	3
Павловска	1
Белые Межи	1
Трех Руки	1
Ромнах	11
Полтавская дорога	4
Полтавская улице	1
Фуа	1
Блистовский	2
Ф**	1
Вера	1
Возвращаясь	1
Праскуту	1
Анюты	1
Будище	9
Анюту	2
Будища	11
Клим Сидорович	1
Будищах	3
Анютина	1
Марфа Петровна	1
Божьего	1
Шендре	2
Прыжков	1
Дюндиковы	1
Дюндик	1
Шендры	1
Софроныч	1
Роменскую ярмонка	1
Шендру	3
Дюндиковым	1
Санкт-Петербургский остров	2
Троицкая площадь	11
Большая Нева	2
Малая	1
Охта	1
Мраморный дворец	1
Ниеншанца	1
Шлюссельбург	1
Троицкая колокольня	3
Большая Дворянская улица	1
Тальянское	1
Нева лед	1
Крестовский	5
Петербургская крепость	1
Большая Никольская улица	1
Большою Никольскою	1
Або	1
Малая Нева	8
Стекольном	1
Ниен	4
Льюстейланде	1
Столбова	1
Ниенбонинг	1
Темза	2
Египетский лабиринт	1
Меридово озеро	1
Крокодилополиса	1
Александрия	4
Брухион	1
Юпитер Серапис	2
Феодосия Великий	1
Ингерманландию	1
Санктпетербургский остров	2
Крестовского острова	1
Большой проспект	1
Каменноостровский	1
Санктпетербургский гарнизон	1
Каменноостровский проспект	1
Карповка	4
Аптекарский остров	3
Ботанический сад	2
Новогородское подворье	2
Феофан	1
Елагин	2
Каменный	1
Крестовском остров	1
Черная речка	2
Аптекарский	1
Немецкое кладбище	1
Крестовскому остров	1
Выборгская	1
Самсониевский мост	1
Шубин камень	1
Большой Орел	1
Шубин	1
Санкт-Петербургский генерал-полицеймейстер	1
Синявин	1
Синявина	1
Веселый остров	1
Санктпетербургского	1
Сытный	1
Крестовского остров	1
Роз***	6
Антоновец	1
Роз	10
Кр-а	1
Ви-ны	1
Святая	1
Янусова	1
Янов	2
Венедикт	2
Броды	4
Краковскую	1
Лютгарда	2
Киприды	1
Лютгардою!..	1
Лютгарда севшая	1
Лютгард	1
Лютгарды	1
Л***	1
Любар	1
Ро	1
Бенедиктова	1
Ковно	1
Орделинская	4
Тревильский	1
Маша	2
Степанида	1
Степаниды	2
Диана	1
Фетиньи	1
Кунгур	1
Омская крепость	1
Мазовецкий	2
Верочка	1
Старая гузаро-драгун	1
Подламаева	1
Монетный  двор	1
Приехавшие	1
Киргизский  народ	1
Турецкая   война	1
Польская  Украина	1
Большая  Орда	1
Демутовый  трактир	1
Демутов  трактир	1
Огни	1
Литовское подворье	5
Царь-город	2
Ингрии	1
Русь Польская	1
Зюдерманландский	2
Никитская улица	1
Рюриковым	1
Мономаховом блиставшие	1
Рюриков племя	1
Израильский	1
Рюриков	1
Датская земля	1
Господней	1
Чудовом монастырь	1
Афонский	1
Речь Посполитой	3
Швециею Нарва	1
Юрьев-Ливонский	1
Варшицкий	1
Пельгржимовский	1
Царская улица	2
Мономаховый	1
Володимерский	1
Псковский	2
Болгарский	2
Новгород Низовския земля	1
Смоленский	3
Белоозерский	1
Полоцкий	1
Удорский	1
Обдорский	1
Северский	2
Кондийский	1
Лифляндския земля	1
Казанский	2
Астраханский	2
Грузинские	1
Кабардинския земля	1
Северный	1
Подольский	1
Подлесский	1
Шведский	2
Вандальский	1
Финляндский	2
Володимерскому	1
Новгородскому	1
Югорскому	1
Пермский	1
Гащ	1
Острог	3
Гащи	1
Туров	1
Фидели	1
Василич	1
Ураз-Магмет	1
Ильинская улица	1
Царь-град	1
Скорнячный	1
Шапочный ряд	1
Скородом	4
Рыбный ряд	1
Бальчуге	1
Росии	1
Леонтьем	1
Сыскной	2
Тайный	1
Серпуховскою	1
Серпуховская	1
Калужская дорога	8
Глубоки	1
Посольское	1
Швециею	1
Сигизмунд	1
Репниным	1
Иваницкий	2
Северских	1
Невкли	1
Невкл	2
Седнев	1
Любецкая	1
Мисаил	1
Александровская слобода	2
Великий Новегород	1
Польская республика	1
Псковская епархия	1
Новагорода-Северского	1
Поплывем река	1
Хлопок	1
Любеч	1
Лоев	3
Феодосиеву пещера	1
Киево-Печерской Лавра	1
Могилев	3
Украиною	1
Калерии	1
Китаевском	1
Иваницко-го	1
Черкасска	1
Новая Сечи	2
Чертомлыка	1
Бузулука	1
Белосерки	1
Рогатины	1
Варшавских	1
Трехтимиров	1
Черкассы	1
Кудака	1
Конский остров	1
Княжий остров	1
Волошской	1
Крымский	1
Турецкий	1
Сурской	2
Лохань	1
Звонец	1
Княгинин	1
Верхний Вольный	1
Будилов	1
Тавальчан	2
Нижний Вольный	1
Кашеварицы	1
Хорице	1
Бузулук	1
Шведское королевство	1
Синоп	1
Трапезунд	5
Чертомлыком	1
Трапе-зунда	1
Лиман	1
Реджеб-Паши	1
Крымский полуостров	1
Воспор	1
Меховецкий	2
Ныне Белый город	1
Приладожью	2
Латвия	2
Задвинский герцогства	1
Посполитой	2
Речь Посполитую	1
Карпатами	1
Румыния	1
Речь Посполитая	2
Велиж	1
Смоленская земля	1
Чехия	1
Иоанново	1
Борисово	2
Аравийская пустыня	1
Сапеги	1
Чилли	1
Целлария	1
Притчи Соломоновы	2
Ижорская земля	1
Тарту	1
Боплан	1
Бантыша-Каменского	1
Днестровский лиман	1
Углицкая дорога	1
Выксе	1
Череповец	1
Пелым	1
Везувия	3
Этны	1
Поминский	1
Цвинглия	1
Помпония	1
Оржеховского	1
Лерма	1
Ирландия	1
Римский	2
Брагилове	1
Брацлав	1
Брагилов	2
Запорожском	1
Московское	2
Самбор	6
Вишневец	2
Российский престол	1
Северская земля	1
Комарницкая волость	1
Северское княжество	1
Псковское	1
Новгородское	1
Вавель	1
Краковом	1
Гнезненский	1
Польская	1
Ходкевич	1
Дерптом	1
Вейсенштейн	1
Московский Димитрий	1
Ходкевича	1
Иову	1
Репнины	1
Сицкие	1
Карповы	1
Бахтеяровы-Ростовские	1
Василь-город	1
Армянская слобода	1
Лжедимитрий	6
Пацы	1
Вишневецкими	1
Люблин	1
Люблинская дорога	1
Черской земля	2
Бычина	1
Черской	1
Вишневецких	1
Фредро	2
Дворжицких	1
Любельское воеводство	1
Крупович	1
Цыбович	1
Великие Кончиц	1
Московские	1
Армянская улица	1
Фредра	1
Люблина	1
Львовский	1
Любомирский	1
Харлецкий	1
Витковский	1
Войский	1
Казимирский	1
Млоца-Виламовский	1
Рудзский	1
Орликовский	1
Дворжицкий	2
Восточная империя	3
Волошины	1
Шляхетская слобода	2
Муромеск	1
Нежакова	1
Бучинского	1
Муромеску	1
Десна тропинкой	1
Батыева	1
Тулою	1
Юрьева-Ливонского	1
Вольмар	2
Муромеска	1
Десну	1
Новгороду-Северскому	1
Новгороде-Северском	1
Трубчевском	4
Добрыничами	2
Кромами	2
Рубец-Мосальский	2
Иона	1
Браге	1
Гольк	1
Димитрии Донский	1
Разрядный	1
Любек	2
Кенигсберг	3
Елец	3
Басманов	1
Димитрий-царевич	1
Крома	1
Недною	1
Катыревым-Ростовским	1
Путивле	2
Кромы	1
Годуновых	1
Басманова	1
Резлетелися	1
Красносельская слобода	1
Фроловские ворота	1
Царское место	6
Троицы	1
Северскую	1
Царское	1
Плещеев	3
Фроловские воротам	1
Скуратовых	1
Вельяминовых	1
Кромами Лжедимитрий	1
Успение	1
Вознесение Господня	1
Коломенским	1
Добрынская	1
Иерихон	1
Турецкая империя	2
Сытный двор	1
Басманову	1
Меховецкому	1
Макарий	1
Посольский	1
Датский князь Иоанн	1
Крымский хан	1
Мономахов	1
Поссевином	1
Московская монархия	3
Римское государство	1
Царь-городе	1
Сийская обитель	1
Варварою От-репьевою	1
Москвою-рекою	1
Цербер	1
Виленский	1
Золотою	1
Царев-город	2
Скоро дом	1
Дворцовая слобода	1
Трубецкая	1
Лжедимитрия	2
Шуйских	1
Калерию	1
Польский король	1
Персея	1
Алтаря	1
Сретенский луг	2
Польский всадникам.)	1
Пресвятыя Богородица	1
Девичий монастырь	2
Ни Угличе	1
Нейштат	1
Древняя Греция	1
Левин	1
Лидин	2
Атолин	2
Ц***	1
Лидиной	2
Гамета	1
К.	1
Ульянина	1
Зимний Дворец	1
Витебскую губерния	1
Алевтину	1
Юго-восточный тихий	1
Сярки	1
Токсово	4
Хвалынский	2
Дудергофом	1
Ледокольный переулок	1
Баумгартен	1
Риттергольма	1
Мелар	1
Вольтеровая	1
Дидерот	1
Вольтер	1
Брауншвейгском коллегиум	1
Аррас	1
Гревская площадь	1
Пале-Рояль	2
Сен-Никез	1
Сент-Оноре	1
Канада	1
Кемского	2
Херсонская губерния	1
Симбирская	1
Козий Болоте	1
Новые	1
Синий Мосту	1
Токсове	3
Берилов	1
Кемском	4
Гатчину	2
Гатчине	2
Коннетабле	1
Брюнн	1
Адда	3
Ломбардия	1
Местр	1
Тревиз	1
Тревизе	1
Пор-Марли	1
Ижоре	1
Увере	1
Самсония	1
Невская лавра	1
Бадахосе	2
Освобожденный Иерусалим	1
Месмер	1
Верона	3
Виченец	2
Аннибал	1
Край	1
Ницца	7
Нови	3
Виченцу	1
Павию	1
Павий	2
Империя Российскою	1
Литейная улица	2
Казанский мост	2
Екатерининский канал	1
Большою	1
Малою Морские	1
Полицейский мост	1
Большая Садовая улица	1
Аптекарский острову	1
Кавказская	2
Вятская губерния	2
Драка	2
Кемский	1
Горс	1
Большой Каменноостровский проспект	1
Каменноостровский дворец	1
Строгановый сад	1
Гомерова	1
Китти	1
Новгородская губерния	1
Уран	1
Вестри	1
Аббас-Мирза	1
Морской корпус	1
Сократом	1
Большая Морской	1
Самсоньевское кладбище	1
Ветлинь	1
Шетландские острова	1
Шлюшин	1
Адмиралтейств-Коллегию	1
Гапсаль	3
Пиллаву	1
Данциг	9
Ревеля	1
Свеаборг	1
Версальский	1
Грев-сенд	1
Тексель	1
Амстердам	2
Кобленц	1
ла-Капелль	1
Монс	2
Схевенинген	1
Алимари	1
Бавария	3
Туретчине	2
Выборгская сторона-с	1
Воспитательный дом	1
Красный мост	1
Сенная	1
Берилова	1
Надежда	2
Эстляндии	3
Ревельская	1
Горсом	1
Архангельский соборах	1
Ассирийская империя	1
Тобольск	1
Комической	1
Петербурге	1
Кагулом	1
Алжир	1
Гангеса	1
Индийский полуостров	1
Лозанна	1
Лапландия	1
Южная Италия	1
Прейсиш-Ейлау	1
Восточная Индия	1
Петропавловский собор	1
Московская дорога	7
Другая	1
Царский Селу	1
Пулковская гора	1
Завидова	1
Астраханская	1
Панский ряд	1
Утешино	5
Измаила	2
Аксинья	1
Гаркало	1
Будило	1
Ванька	1
Корреджия	1
Салватор Роза	1
Белостока	1
Белосток	1
Сент-Готарда	1
Доргобуж	2
Немецию	1
Семехах	1
Утешина	2
V    Размытая	1
Прасковье Степановне	1
Смоленская застава	2
Завидове	1
Каретный	1
Кузнецкой	1
Смоленский рынок	1
Арбатская улица	1
Везюме	2
Никольская улица	2
Триумфальные ворот	1
Алексеевское	1
Перервы	1
Свирлово	1
Останкину	1
Мытищах	1
Братовщине	1
Коломенский дворец	1
Алексеевском	1
Ладушкин	1
Трех горы	1
Буркина	1
Зарецкого	2
Каретный ряд	1
Охотного ряд	1
Тайницкие ворот	3
Пятницкая	1
Ордынке кой-где	1
Полянка	1
Охотный ряд	1
Мохова	1
Тайницкие воротам	1
Тверская-то застава	1
Моховая	1
Неглинпой	1
Знаменка	1
Арбатская площадь	1
Хорошева	1
Петровский замок	1
Карачарово	1
Спасская застава	1
Зарецкому	1
Полянки	1
Донская	1
Сашеньке	1
Переров	1
Богородском	1
Богородский	1
Пахомыч	1
Устерлицем	1
Фанагорийский полк	1
Владимире	1
Баярд	1
Малый Ярославец	3
Кавказские горы	2
Тарутин	1
Вильною	1
Московская Кремль	1
Данцига	12
Данциге	3
Нерунгом	1
Фриш-Гафа	1
Пилау	1
Дершау	2
Клястицами	1
Двинской	3
Гагельсберге	1
Гагельсберг	1
Бишефсберг	1
Лангфурт	1
Родауна	1
Нидерланда	1
Ора	1
Чашниками	1
Рославлев	3
Ланд-Газу	1
Царскосельский зверинец	1
Театральная площадь	3
Гамбург	2
Гагельсбергские	1
Пресня	1
Острогожск	3
Херсон	1
Вологды	1
Белгороде	1
Лопасне	2
Ивановке	1
Липцах	1
Красная слободе	1
Ямские	1
Смоленеск	1
Володимер	1
Подольск	1
Чашникове	1
Ямскую	1
Арзамасская	1
Воронежская дорога	1
Адесту	1
Бреславль	1
Эривань	1
Тетюши	1
Аршаву	1
Сущей	1
Во благостыне	1
Штольпе	1
Ямская слобода	1
Тускорь	1
Тускори	1
Корейская дорога	1
Эдда	1
Флоренск	2
Лион	1
Нунции	1
Тавлери	1
Нанси	1
Тюльери	1
Старо-Оскольской	1
Стужин	1
Старый Оскол	3
Становой	2
Воронежская губерния	1
Корочу	1
Дуняшиная деревня	1
Дуняшу	1
матушки-России	1
Очаков	2
Бендеры	1
Кинбурх	1
Ригу	1
Ерусалим земля	1
Индейское море	1
Синий да Черный да Хвалынское море	1
Араратские горы	1
Зарубаев	1
Липский	1
Эфиопия	1
Тильзитов	1
Корочи	1
матушку-Москву	1
Иль	1
Берега Днестр	1
М. Каменка	1
Сахарная	1
Рыба	1
Кишинев	19
История Бессарабия	1
Абарим	1
Кишиневский сад	1
Овидий	2
Томь	2
Могилевская застава	1
Нубию	1
Атлантический океан	2
Окницу	1
Днестре	1
Недобоуцы	1
Шароуцы	1
Хотинского	1
Орхеевский	1
Паросский	1
Тульчин	3
Арктическое	1
Антарктический	1
Днестром	1
Нагорени	1
Молодову	1
Коршан	1
Высилево	1
Темнеет лес	1
Ольхиония	1
Пиренейских горы	1
Неба	1
Сиспарисе	1
Армения	3
Вселенная	3
Городища	1
Востоку Эдем	1
Эйрен	1
Жору	1
Бык	2
Таинственные	1
Соломонова	1
Митрополию	2
Карпатские горы	2
Страбон	1
Тит Ливия	1
Мезию	1
Аль-Коран	1
Эдем	2
Эдема	1
Кавказские	1
Буджак	4
Днестровский	1
Ялпух	1
Буджакские	1
Дибуглу	1
Крупенского	1
Марсово поле	1
Столкнувший	1
Ментор	1
Тигинские	1
Тирасполь	2
Херсонские	1
Полтавская	1
Мило	1
Бел-Город	1
Овидиополь	1
Мезии	1
Взвивая	1
Ушедшие	1
Румянец	1
Птоломее	1
Диодоре Сицилийском	1
Фирдоуси ибн Феррук	1
Магомет бен Емир Коандшахе	1
Хамдаллах бен Абубекре	1
Яхиэ бен Абдаллахе	1
Дахелуи	1
Абдал	1
Бахаристан Джиами	1
Океану	1
Зенд	1
Тигр	3
Эскандер	1
Аб-Хэид	1
Звезда Таи	1
Таи	1
Хаабах	1
Сераписа	1
Истакара	1
Душа	1
Багдадской	2
Акеркуф	1
Кагульское поле	1
Азот	1
Бессарабская Татария	1
Вилковские	1
Измаильский	1
Лошадка	1
Керам	1
Хороший	1
Скучная	1
Лозов	2
Владыко	1
Траяновом	1
Вулгарий	1
Мачина	1
Гирсова	1
Кистенджи	6
Гельвеции	1
Могур	1
Утенлийской	1
Ледовитый океан	2
Байрон-Бейрон-Бирон	1
Асфальтское море	1
Манжурское	1
Сюммер	1
Ниагарский	1
Цитереиды	1
Зеленый мыс	1
Северная Америка	2
Дели	1
Кулихана	1
Альциной	1
Вадулуй-Исакчи	1
Траянов	2
Гетских пустынь	1
Карпатских	1
Атаманской	1
Израильское	1
Костештскими скалы	1
Скулян	1
Цецоры	1
Финикии	1
Крит	1
Стена	1
Букарест	1
Букареста	1
Реомюрову	1
Болдагенешти	1
Браилова	1
Хаджи-Капитан	1
Ганнемановая	1
Галац	2
Белидоре	1
Кегорне	1
Балканов	2
Истером	2
Визирский	1
Сатуново	1
Буджака	1
Исакча	1
Серет	2
Бабадагский берег	1
Исакчи	1
Денистепе	1
Разельм	1
Бабадагская	1
Бабадаг	1
Главною	1
Бейдаут	1
Сатис-киой	1
Кара-су	5
Гирсов	5
Тульчи	1
Траянов вал	1
Леман    Шумящий	1
Карпатский	1
Трансильвания	1
Махмуд-киой	1
Муссабей	1
Азанлар	1
Табан-дере	1
Предместье	1
Оконечности	1
Козлуджи	1
Эски-Сарай	1
Понт	1
Пропонт	1
Геллеспонт	1
Эгейского	1
Средиземного	1
Мемфис	1
Египетские	1
Обетованных	1
Никополь	1
Разград	1
Силистрию	1
Акадапар	1
Эмбелер	1
Потемкин	1
Ушенли	1
Козлуджи север	1
Козлуджийских	1
Эмоса	1
Паслися	1
Давно...	1
Проводской	1
Мадардой	1
Шумлой	1
Царь-Девицы	2
Улица-маре {Главная улица	1
Фригии	1
Смирне	1
Родос	1
Колофон	1
Саламин	2
Патриаршая ризница	1
Сигейского	1
Херсонис Фракийский	1
Галлиполи	1
Фазося	1
Лемнос	1
Евбее	1
Нио	1
Андрос	1
Китнос	1
Делось	1
Аполлонов	1
Микони	1
Станфалии	1
Оракул далекое	1
Чрез Аравийские пустыни	1
Чрез горы	1
До	1
Тьму	1
Дунае остров	1
Матчинские скалы	1
Рымник	1
Не	1
Яны-Джамэ	1
Буланлыкской высота	1
Вдоль Проводская долина	1
Шумлинская гора	1
Шумлу	1
Бэта	1
Гиммэля	1
Одессу	1
Венгерское	1
Амуратов	1
Варной	1
Варны	2
Варнская флотилия	1
Шумлс	1
Чифте-Хамам	1
Сенегамбией	1
Нигрицией	1
Заары	2
Атоса	1
Гоби	6
Силистру	1
Рущук	1
Базарчику	1
Ботин	1
Под Шумлу	1
Албания	1
Анатолий	1
Курдистан	1
Ирак-Араби	1
Диарбекира	1
Мангалиго	1
Пантеойа	1
Мангалии	1
Истра	1
Истра    Дорогу	1
Дана-киои	1
Дан-ки	1
Большая Медведица	1
Гирсове	1
Дунайский берег	1
Галацо	1
Бахлуй	1
Копо	3
Яссам	1
Кобурски	1
Бум	1
Козерога	1
Михайлаки Стурдзы	1
Благовещенье	1
Макбет	1
Чайльд-Гарольды	1
Онегины	1
Кудрино	1
Новинское	1
Кинбургская коса	1
Богородицкий уезд	1
Ефремовский	1
Изрог	1
Красивая Мечи	4
Дамаск	1
Монмартра	1
Бородинское поле	1
Монмартр	1
Бородин	1
Перуну	1
Рюген	1
Дорожич	1
Орши	8
Могилевская губерния	2
Орше	1
Козяны	1
Иохим	1
Козин местечко	1
Ляды	2
Ляд	2
Лядах	2
Оршу	2
Бофор	1
Оршей	1
Тоцкая	1
Богуслав	3
Смоленская губерния	5
Мирославцевой	1
Семипалатском	21
Орша	2
Богуславово имение	1
Семипалатский	13
Семипалатского	5
Белгородский	1
Семипалатское	9
Мирославцева	1
Ардатов	1
Семипалатский бор	1
Смоленск Фома	1
Днепровские воротам	1
Днепровский мост	2
Дорогобужская дорога	1
Обоянского	2
Семипалатском трактир	1
Дорогобужская	1
Барцелоны	1
Можайском	1
Семипалатская усадьба	2
Бородина	1
Беценвалем	1
Верстах	1
Заполья	1
Тоцкого	2
Сигнал	1
Ястребцова	1
Тресвятском	1
Писании бесноватого	1
Ж***	5
Д***	1
Дорогобужский уезд	1
Кривой Починок	2
Смоленское княжество	1
София     Нижний Новгород	1
Знамения Пресвятые Богородица	1
Рославль	2
София     Вильно	1
Березины	1
Тоцкий	1
пол-Европы	1
пол-Азии	1
Просвещенная республика	1
Обоянскому     Семипалатский лес	1
Петербургское предместье	1
Семипалатский лес	1
Сыромятниках	1
Воронцовское поле	1
Зарайского	2
Трактир	1
Воронцовое поле	2
Семипалатским	1
Смоленску	1
Днепровские ворот	1
Молоховским	1
Семипалатского имение	1
